,mn,lossValue,Method,dataset-replicate,Dolphyin-replicate,Time,FNRate
0,m25_n25,0.1,Dolphyin,s1,0,0.011,0.0
1,m25_n25,0.1,Dolphyin,s1,1,0.011,0.0
2,m25_n25,0.1,Dolphyin,s1,2,0.011,0.0
3,m25_n25,0.1,Dolphyin,s1,3,0.011,0.0
4,m25_n25,0.1,Dolphyin,s1,4,0.011,0.0
5,m25_n25,0.1,Dolphyin,s1,5,0.013,0.0
6,m25_n25,0.1,Dolphyin,s1,6,0.012,0.0
7,m25_n25,0.1,Dolphyin,s1,7,0.011,0.0
8,m25_n25,0.1,Dolphyin,s1,8,0.011,0.0
9,m25_n25,0.1,Dolphyin,s1,9,0.012,0.0
10,m25_n25,0.2,Dolphyin,s1,0,0.012,0.0
11,m25_n25,0.2,Dolphyin,s1,1,0.012,0.0
12,m25_n25,0.2,Dolphyin,s1,2,0.012,0.0
13,m25_n25,0.2,Dolphyin,s1,3,0.012,0.0
14,m25_n25,0.2,Dolphyin,s1,4,0.012,0.0
15,m25_n25,0.2,Dolphyin,s1,5,0.013,0.0
16,m25_n25,0.2,Dolphyin,s1,6,0.012,0.0
17,m25_n25,0.2,Dolphyin,s1,7,0.012,0.0
18,m25_n25,0.2,Dolphyin,s1,8,0.012,0.0
19,m25_n25,0.2,Dolphyin,s1,9,0.012,0.0
20,m25_n25,0.4,Dolphyin,s1,0,0.011,0.0
21,m25_n25,0.4,Dolphyin,s1,1,0.012,0.0
22,m25_n25,0.4,Dolphyin,s1,2,0.012,0.0
23,m25_n25,0.4,Dolphyin,s1,3,0.014,0.0
24,m25_n25,0.4,Dolphyin,s1,4,0.012,0.0
25,m25_n25,0.4,Dolphyin,s1,5,0.014,0.0
26,m25_n25,0.4,Dolphyin,s1,6,0.013,0.0
27,m25_n25,0.4,Dolphyin,s1,7,0.015,0.0
28,m25_n25,0.4,Dolphyin,s1,8,0.012,0.0
29,m25_n25,0.4,Dolphyin,s1,9,0.013,0.0
30,m25_n25,0.1,Dolphyin,s2,0,0.026,0.0
31,m25_n25,0.1,Dolphyin,s2,1,0.024,0.0
32,m25_n25,0.1,Dolphyin,s2,2,0.025,0.0
33,m25_n25,0.1,Dolphyin,s2,3,0.025,0.0
34,m25_n25,0.1,Dolphyin,s2,4,0.025,0.0
35,m25_n25,0.1,Dolphyin,s2,5,0.026,0.0
36,m25_n25,0.1,Dolphyin,s2,6,0.025,0.0
37,m25_n25,0.1,Dolphyin,s2,7,0.025,0.0
38,m25_n25,0.1,Dolphyin,s2,8,0.025,0.0
39,m25_n25,0.1,Dolphyin,s2,9,0.025,0.0
40,m25_n25,0.2,Dolphyin,s2,0,0.044,0.0
41,m25_n25,0.2,Dolphyin,s2,1,0.043,0.0
42,m25_n25,0.2,Dolphyin,s2,2,0.043,0.0
43,m25_n25,0.2,Dolphyin,s2,3,0.043,0.0
44,m25_n25,0.2,Dolphyin,s2,4,0.044,0.0
45,m25_n25,0.2,Dolphyin,s2,5,0.045,0.0
46,m25_n25,0.2,Dolphyin,s2,6,0.041,0.0
47,m25_n25,0.2,Dolphyin,s2,7,0.041,0.0
48,m25_n25,0.2,Dolphyin,s2,8,0.042,0.0
49,m25_n25,0.2,Dolphyin,s2,9,0.042,0.0
50,m25_n25,0.4,Dolphyin,s2,0,0.027,0.0
51,m25_n25,0.4,Dolphyin,s2,1,0.029,0.0
52,m25_n25,0.4,Dolphyin,s2,2,0.028,0.0
53,m25_n25,0.4,Dolphyin,s2,3,0.029,0.0
54,m25_n25,0.4,Dolphyin,s2,4,0.029,0.0
55,m25_n25,0.4,Dolphyin,s2,5,0.029,0.0
56,m25_n25,0.4,Dolphyin,s2,6,0.029,0.0
57,m25_n25,0.4,Dolphyin,s2,7,0.031,0.0
58,m25_n25,0.4,Dolphyin,s2,8,0.028,0.0
59,m25_n25,0.4,Dolphyin,s2,9,0.029,0.0
60,m25_n25,0.1,Dolphyin,s3,0,0.012,0.0
61,m25_n25,0.1,Dolphyin,s3,1,0.013,0.0
62,m25_n25,0.1,Dolphyin,s3,2,0.011,0.0
63,m25_n25,0.1,Dolphyin,s3,3,0.012,0.0
64,m25_n25,0.1,Dolphyin,s3,4,0.011,0.0
65,m25_n25,0.1,Dolphyin,s3,5,0.012,0.0
66,m25_n25,0.1,Dolphyin,s3,6,0.012,0.0
67,m25_n25,0.1,Dolphyin,s3,7,0.011,0.0
68,m25_n25,0.1,Dolphyin,s3,8,0.012,0.0
69,m25_n25,0.1,Dolphyin,s3,9,0.013,0.0
70,m25_n25,0.2,Dolphyin,s3,0,0.012,0.0
71,m25_n25,0.2,Dolphyin,s3,1,0.011,0.0
72,m25_n25,0.2,Dolphyin,s3,2,0.012,0.0
73,m25_n25,0.2,Dolphyin,s3,3,0.011,0.0
74,m25_n25,0.2,Dolphyin,s3,4,0.011,0.0
75,m25_n25,0.2,Dolphyin,s3,5,0.011,0.0
76,m25_n25,0.2,Dolphyin,s3,6,0.011,0.0
77,m25_n25,0.2,Dolphyin,s3,7,0.012,0.0
78,m25_n25,0.2,Dolphyin,s3,8,0.011,0.0
79,m25_n25,0.2,Dolphyin,s3,9,0.012,0.0
80,m25_n25,0.4,Dolphyin,s3,0,0.011,0.0
81,m25_n25,0.4,Dolphyin,s3,1,0.011,0.0
82,m25_n25,0.4,Dolphyin,s3,2,0.01,0.0
83,m25_n25,0.4,Dolphyin,s3,3,0.01,0.0
84,m25_n25,0.4,Dolphyin,s3,4,0.01,0.0
85,m25_n25,0.4,Dolphyin,s3,5,0.01,0.0
86,m25_n25,0.4,Dolphyin,s3,6,0.011,0.0
87,m25_n25,0.4,Dolphyin,s3,7,0.01,0.0
88,m25_n25,0.4,Dolphyin,s3,8,0.011,0.0
89,m25_n25,0.4,Dolphyin,s3,9,0.01,0.0
90,m25_n25,0.1,Dolphyin,s4,0,0.012,0.0163599
91,m25_n25,0.1,Dolphyin,s4,1,0.012,0.0224949
92,m25_n25,0.1,Dolphyin,s4,2,0.015,0.0184049
93,m25_n25,0.1,Dolphyin,s4,3,0.012,0.0163599
94,m25_n25,0.1,Dolphyin,s4,4,0.011,0.0163599
95,m25_n25,0.1,Dolphyin,s4,5,0.012,0.0245399
96,m25_n25,0.1,Dolphyin,s4,6,0.013,0.0224949
97,m25_n25,0.1,Dolphyin,s4,7,0.012,0.0224949
98,m25_n25,0.1,Dolphyin,s4,8,0.012,0.0245399
99,m25_n25,0.1,Dolphyin,s4,9,0.012,0.0224949
100,m25_n25,0.2,Dolphyin,s4,0,0.023,0.0
101,m25_n25,0.2,Dolphyin,s4,1,0.023,0.0
102,m25_n25,0.2,Dolphyin,s4,2,0.026,0.0
103,m25_n25,0.2,Dolphyin,s4,3,0.027,0.0
104,m25_n25,0.2,Dolphyin,s4,4,0.027,0.0
105,m25_n25,0.2,Dolphyin,s4,5,0.028,0.0
106,m25_n25,0.2,Dolphyin,s4,6,0.027,0.0
107,m25_n25,0.2,Dolphyin,s4,7,0.027,0.0
108,m25_n25,0.2,Dolphyin,s4,8,0.028,0.0
109,m25_n25,0.2,Dolphyin,s4,9,0.027,0.0
110,m25_n25,0.4,Dolphyin,s4,0,0.012,0.0
111,m25_n25,0.4,Dolphyin,s4,1,0.012,0.0
112,m25_n25,0.4,Dolphyin,s4,2,0.011,0.0
113,m25_n25,0.4,Dolphyin,s4,3,0.014,0.0
114,m25_n25,0.4,Dolphyin,s4,4,0.012,0.0
115,m25_n25,0.4,Dolphyin,s4,5,0.012,0.0
116,m25_n25,0.4,Dolphyin,s4,6,0.012,0.0
117,m25_n25,0.4,Dolphyin,s4,7,0.012,0.0
118,m25_n25,0.4,Dolphyin,s4,8,0.012,0.0
119,m25_n25,0.4,Dolphyin,s4,9,0.012,0.0
120,m25_n25,0.1,Dolphyin,s5,0,0.013,0.0
121,m25_n25,0.1,Dolphyin,s5,1,0.013,0.0
122,m25_n25,0.1,Dolphyin,s5,2,0.013,0.0
123,m25_n25,0.1,Dolphyin,s5,3,0.013,0.0
124,m25_n25,0.1,Dolphyin,s5,4,0.013,0.0
125,m25_n25,0.1,Dolphyin,s5,5,0.013,0.0
126,m25_n25,0.1,Dolphyin,s5,6,0.013,0.0
127,m25_n25,0.1,Dolphyin,s5,7,0.013,0.0
128,m25_n25,0.1,Dolphyin,s5,8,0.013,0.0
129,m25_n25,0.1,Dolphyin,s5,9,0.013,0.0
130,m25_n25,0.2,Dolphyin,s5,0,0.043,0.0
131,m25_n25,0.2,Dolphyin,s5,1,0.039,0.0
132,m25_n25,0.2,Dolphyin,s5,2,0.04,0.0
133,m25_n25,0.2,Dolphyin,s5,3,0.039,0.0
134,m25_n25,0.2,Dolphyin,s5,4,0.039,0.0
135,m25_n25,0.2,Dolphyin,s5,5,0.045,0.0
136,m25_n25,0.2,Dolphyin,s5,6,0.044,0.0
137,m25_n25,0.2,Dolphyin,s5,7,0.045,0.0
138,m25_n25,0.2,Dolphyin,s5,8,0.044,0.0
139,m25_n25,0.2,Dolphyin,s5,9,0.045,0.0
140,m25_n25,0.4,Dolphyin,s5,0,0.061,0.0
141,m25_n25,0.4,Dolphyin,s5,1,0.061,0.0
142,m25_n25,0.4,Dolphyin,s5,2,0.059,0.0
143,m25_n25,0.4,Dolphyin,s5,3,0.06,0.0
144,m25_n25,0.4,Dolphyin,s5,4,0.059,0.0
145,m25_n25,0.4,Dolphyin,s5,5,0.071,0.0
146,m25_n25,0.4,Dolphyin,s5,6,0.073,0.0
147,m25_n25,0.4,Dolphyin,s5,7,0.072,0.0
148,m25_n25,0.4,Dolphyin,s5,8,0.068,0.0
149,m25_n25,0.4,Dolphyin,s5,9,0.07,0.0
150,m25_n25,0.1,Dolphyin,s6,0,0.013,0.0
151,m25_n25,0.1,Dolphyin,s6,1,0.015,0.0
152,m25_n25,0.1,Dolphyin,s6,2,0.015,0.0
153,m25_n25,0.1,Dolphyin,s6,3,0.016,0.0
154,m25_n25,0.1,Dolphyin,s6,4,0.015,0.0
155,m25_n25,0.1,Dolphyin,s6,5,0.017,0.0
156,m25_n25,0.1,Dolphyin,s6,6,0.016,0.0
157,m25_n25,0.1,Dolphyin,s6,7,0.015,0.0
158,m25_n25,0.1,Dolphyin,s6,8,0.016,0.0
159,m25_n25,0.1,Dolphyin,s6,9,0.015,0.0
160,m25_n25,0.2,Dolphyin,s6,0,0.012,0.0
161,m25_n25,0.2,Dolphyin,s6,1,0.012,0.0
162,m25_n25,0.2,Dolphyin,s6,2,0.013,0.0
163,m25_n25,0.2,Dolphyin,s6,3,0.012,0.0
164,m25_n25,0.2,Dolphyin,s6,4,0.012,0.0
165,m25_n25,0.2,Dolphyin,s6,5,0.014,0.0
166,m25_n25,0.2,Dolphyin,s6,6,0.012,0.0
167,m25_n25,0.2,Dolphyin,s6,7,0.013,0.0
168,m25_n25,0.2,Dolphyin,s6,8,0.012,0.0
169,m25_n25,0.2,Dolphyin,s6,9,0.013,0.0
170,m25_n25,0.4,Dolphyin,s6,0,0.011,0.0
171,m25_n25,0.4,Dolphyin,s6,1,0.011,0.0
172,m25_n25,0.4,Dolphyin,s6,2,0.011,0.0
173,m25_n25,0.4,Dolphyin,s6,3,0.011,0.0
174,m25_n25,0.4,Dolphyin,s6,4,0.011,0.0
175,m25_n25,0.4,Dolphyin,s6,5,0.011,0.0
176,m25_n25,0.4,Dolphyin,s6,6,0.012,0.0
177,m25_n25,0.4,Dolphyin,s6,7,0.011,0.0
178,m25_n25,0.4,Dolphyin,s6,8,0.012,0.0
179,m25_n25,0.4,Dolphyin,s6,9,0.011,0.0
180,m25_n25,0.1,Dolphyin,s7,0,0.031,0.0
181,m25_n25,0.1,Dolphyin,s7,1,0.028,0.0
182,m25_n25,0.1,Dolphyin,s7,2,0.03,0.0
183,m25_n25,0.1,Dolphyin,s7,3,0.03,0.0
184,m25_n25,0.1,Dolphyin,s7,4,0.03,0.0
185,m25_n25,0.1,Dolphyin,s7,5,0.032,0.0
186,m25_n25,0.1,Dolphyin,s7,6,0.032,0.0
187,m25_n25,0.1,Dolphyin,s7,7,0.031,0.0
188,m25_n25,0.1,Dolphyin,s7,8,0.031,0.0
189,m25_n25,0.1,Dolphyin,s7,9,0.032,0.0
190,m25_n25,0.2,Dolphyin,s7,0,0.031,0.0
191,m25_n25,0.2,Dolphyin,s7,1,0.03,0.0
192,m25_n25,0.2,Dolphyin,s7,2,0.03,0.0
193,m25_n25,0.2,Dolphyin,s7,3,0.033,0.0
194,m25_n25,0.2,Dolphyin,s7,4,0.033,0.0
195,m25_n25,0.2,Dolphyin,s7,5,0.032,0.0
196,m25_n25,0.2,Dolphyin,s7,6,0.031,0.0
197,m25_n25,0.2,Dolphyin,s7,7,0.032,0.0
198,m25_n25,0.2,Dolphyin,s7,8,0.033,0.0
199,m25_n25,0.2,Dolphyin,s7,9,0.031,0.0
200,m25_n25,0.4,Dolphyin,s7,0,0.013,0.0
201,m25_n25,0.4,Dolphyin,s7,1,0.019,0.0
202,m25_n25,0.4,Dolphyin,s7,2,0.018,0.0
203,m25_n25,0.4,Dolphyin,s7,3,0.015,0.0
204,m25_n25,0.4,Dolphyin,s7,4,0.016,0.0
205,m25_n25,0.4,Dolphyin,s7,5,0.012,0.0
206,m25_n25,0.4,Dolphyin,s7,6,0.012,0.0
207,m25_n25,0.4,Dolphyin,s7,7,0.012,0.0
208,m25_n25,0.4,Dolphyin,s7,8,0.012,0.0
209,m25_n25,0.4,Dolphyin,s7,9,0.012,0.0
210,m25_n25,0.1,Dolphyin,s8,0,0.025,0.0
211,m25_n25,0.1,Dolphyin,s8,1,0.021,0.0
212,m25_n25,0.1,Dolphyin,s8,2,0.021,0.0
213,m25_n25,0.1,Dolphyin,s8,3,0.021,0.0
214,m25_n25,0.1,Dolphyin,s8,4,0.021,0.0
215,m25_n25,0.1,Dolphyin,s8,5,0.021,0.0
216,m25_n25,0.1,Dolphyin,s8,6,0.021,0.0
217,m25_n25,0.1,Dolphyin,s8,7,0.021,0.0
218,m25_n25,0.1,Dolphyin,s8,8,0.021,0.0
219,m25_n25,0.1,Dolphyin,s8,9,0.021,0.0
220,m25_n25,0.2,Dolphyin,s8,0,0.017,0.0
221,m25_n25,0.2,Dolphyin,s8,1,0.016,0.0
222,m25_n25,0.2,Dolphyin,s8,2,0.017,0.0
223,m25_n25,0.2,Dolphyin,s8,3,0.016,0.0
224,m25_n25,0.2,Dolphyin,s8,4,0.017,0.0
225,m25_n25,0.2,Dolphyin,s8,5,0.017,0.0
226,m25_n25,0.2,Dolphyin,s8,6,0.017,0.0
227,m25_n25,0.2,Dolphyin,s8,7,0.016,0.0
228,m25_n25,0.2,Dolphyin,s8,8,0.017,0.0
229,m25_n25,0.2,Dolphyin,s8,9,0.016,0.0
230,m25_n25,0.4,Dolphyin,s8,0,0.011,0.0
231,m25_n25,0.4,Dolphyin,s8,1,0.012,0.0
232,m25_n25,0.4,Dolphyin,s8,2,0.011,0.0
233,m25_n25,0.4,Dolphyin,s8,3,0.012,0.0
234,m25_n25,0.4,Dolphyin,s8,4,0.011,0.0
235,m25_n25,0.4,Dolphyin,s8,5,0.012,0.0
236,m25_n25,0.4,Dolphyin,s8,6,0.011,0.0
237,m25_n25,0.4,Dolphyin,s8,7,0.012,0.0
238,m25_n25,0.4,Dolphyin,s8,8,0.012,0.0
239,m25_n25,0.4,Dolphyin,s8,9,0.014,0.0
240,m25_n25,0.1,Dolphyin,s9,0,0.013,0.0
241,m25_n25,0.1,Dolphyin,s9,1,0.012,0.0
242,m25_n25,0.1,Dolphyin,s9,2,0.012,0.0
243,m25_n25,0.1,Dolphyin,s9,3,0.012,0.0
244,m25_n25,0.1,Dolphyin,s9,4,0.013,0.0
245,m25_n25,0.1,Dolphyin,s9,5,0.014,0.0
246,m25_n25,0.1,Dolphyin,s9,6,0.015,0.0
247,m25_n25,0.1,Dolphyin,s9,7,0.012,0.0
248,m25_n25,0.1,Dolphyin,s9,8,0.012,0.0
249,m25_n25,0.1,Dolphyin,s9,9,0.012,0.0
250,m25_n25,0.2,Dolphyin,s9,0,0.017,0.0
251,m25_n25,0.2,Dolphyin,s9,1,0.017,0.0
252,m25_n25,0.2,Dolphyin,s9,2,0.017,0.0
253,m25_n25,0.2,Dolphyin,s9,3,0.018,0.0
254,m25_n25,0.2,Dolphyin,s9,4,0.017,0.0
255,m25_n25,0.2,Dolphyin,s9,5,0.018,0.0
256,m25_n25,0.2,Dolphyin,s9,6,0.017,0.0
257,m25_n25,0.2,Dolphyin,s9,7,0.017,0.0
258,m25_n25,0.2,Dolphyin,s9,8,0.017,0.0
259,m25_n25,0.2,Dolphyin,s9,9,0.018,0.0
260,m25_n25,0.4,Dolphyin,s9,0,0.016,0.0
261,m25_n25,0.4,Dolphyin,s9,1,0.015,0.0
262,m25_n25,0.4,Dolphyin,s9,2,0.016,0.0
263,m25_n25,0.4,Dolphyin,s9,3,0.015,0.0
264,m25_n25,0.4,Dolphyin,s9,4,0.016,0.0
265,m25_n25,0.4,Dolphyin,s9,5,0.014,0.0
266,m25_n25,0.4,Dolphyin,s9,6,0.015,0.0
267,m25_n25,0.4,Dolphyin,s9,7,0.015,0.0
268,m25_n25,0.4,Dolphyin,s9,8,0.016,0.0
269,m25_n25,0.4,Dolphyin,s9,9,0.015,0.0
270,m25_n25,0.1,Dolphyin,s10,0,0.026,0.0
271,m25_n25,0.1,Dolphyin,s10,1,0.027,0.0
272,m25_n25,0.1,Dolphyin,s10,2,0.027,0.0
273,m25_n25,0.1,Dolphyin,s10,3,0.026,0.0
274,m25_n25,0.1,Dolphyin,s10,4,0.026,0.0
275,m25_n25,0.1,Dolphyin,s10,5,0.028,0.0
276,m25_n25,0.1,Dolphyin,s10,6,0.026,0.0
277,m25_n25,0.1,Dolphyin,s10,7,0.027,0.0
278,m25_n25,0.1,Dolphyin,s10,8,0.027,0.0
279,m25_n25,0.1,Dolphyin,s10,9,0.027,0.0
280,m25_n25,0.2,Dolphyin,s10,0,0.02,0.0
281,m25_n25,0.2,Dolphyin,s10,1,0.02,0.0
282,m25_n25,0.2,Dolphyin,s10,2,0.02,0.0
283,m25_n25,0.2,Dolphyin,s10,3,0.02,0.0
284,m25_n25,0.2,Dolphyin,s10,4,0.021,0.0
285,m25_n25,0.2,Dolphyin,s10,5,0.021,0.0
286,m25_n25,0.2,Dolphyin,s10,6,0.021,0.0
287,m25_n25,0.2,Dolphyin,s10,7,0.021,0.0
288,m25_n25,0.2,Dolphyin,s10,8,0.021,0.0
289,m25_n25,0.2,Dolphyin,s10,9,0.021,0.0
290,m25_n25,0.4,Dolphyin,s10,0,0.035,0.0
291,m25_n25,0.4,Dolphyin,s10,1,0.036,0.0
292,m25_n25,0.4,Dolphyin,s10,2,0.037,0.0
293,m25_n25,0.4,Dolphyin,s10,3,0.037,0.0
294,m25_n25,0.4,Dolphyin,s10,4,0.038,0.0
295,m25_n25,0.4,Dolphyin,s10,5,0.039,0.0
296,m25_n25,0.4,Dolphyin,s10,6,0.038,0.0
297,m25_n25,0.4,Dolphyin,s10,7,0.037,0.0
298,m25_n25,0.4,Dolphyin,s10,8,0.037,0.0
299,m25_n25,0.4,Dolphyin,s10,9,0.036,0.0
300,m25_n25,0.1,Dolphyin,s11,0,0.01,0.0
301,m25_n25,0.1,Dolphyin,s11,1,0.011,0.0
302,m25_n25,0.1,Dolphyin,s11,2,0.01,0.0
303,m25_n25,0.1,Dolphyin,s11,3,0.011,0.0
304,m25_n25,0.1,Dolphyin,s11,4,0.01,0.0
305,m25_n25,0.1,Dolphyin,s11,5,0.011,0.0
306,m25_n25,0.1,Dolphyin,s11,6,0.011,0.0
307,m25_n25,0.1,Dolphyin,s11,7,0.01,0.0
308,m25_n25,0.1,Dolphyin,s11,8,0.011,0.0
309,m25_n25,0.1,Dolphyin,s11,9,0.01,0.0
310,m25_n25,0.2,Dolphyin,s11,0,0.011,0.0
311,m25_n25,0.2,Dolphyin,s11,1,0.01,0.0
312,m25_n25,0.2,Dolphyin,s11,2,0.011,0.0
313,m25_n25,0.2,Dolphyin,s11,3,0.01,0.0
314,m25_n25,0.2,Dolphyin,s11,4,0.011,0.0
315,m25_n25,0.2,Dolphyin,s11,5,0.011,0.0
316,m25_n25,0.2,Dolphyin,s11,6,0.01,0.0
317,m25_n25,0.2,Dolphyin,s11,7,0.011,0.0
318,m25_n25,0.2,Dolphyin,s11,8,0.01,0.0
319,m25_n25,0.2,Dolphyin,s11,9,0.011,0.0
320,m25_n25,0.4,Dolphyin,s11,0,0.01,0.0
321,m25_n25,0.4,Dolphyin,s11,1,0.011,0.0
322,m25_n25,0.4,Dolphyin,s11,2,0.01,0.0
323,m25_n25,0.4,Dolphyin,s11,3,0.012,0.0
324,m25_n25,0.4,Dolphyin,s11,4,0.01,0.0
325,m25_n25,0.4,Dolphyin,s11,5,0.01,0.0
326,m25_n25,0.4,Dolphyin,s11,6,0.012,0.0
327,m25_n25,0.4,Dolphyin,s11,7,0.01,0.0
328,m25_n25,0.4,Dolphyin,s11,8,0.011,0.0
329,m25_n25,0.4,Dolphyin,s11,9,0.01,0.0
330,m25_n25,0.1,Dolphyin,s12,0,0.017,0.0
331,m25_n25,0.1,Dolphyin,s12,1,0.013,0.0
332,m25_n25,0.1,Dolphyin,s12,2,0.013,0.0
333,m25_n25,0.1,Dolphyin,s12,3,0.012,0.0
334,m25_n25,0.1,Dolphyin,s12,4,0.012,0.0
335,m25_n25,0.1,Dolphyin,s12,5,0.012,0.0
336,m25_n25,0.1,Dolphyin,s12,6,0.011,0.0
337,m25_n25,0.1,Dolphyin,s12,7,0.012,0.0
338,m25_n25,0.1,Dolphyin,s12,8,0.011,0.0
339,m25_n25,0.1,Dolphyin,s12,9,0.011,0.0
340,m25_n25,0.2,Dolphyin,s12,0,0.011,0.0
341,m25_n25,0.2,Dolphyin,s12,1,0.012,0.0
342,m25_n25,0.2,Dolphyin,s12,2,0.011,0.0
343,m25_n25,0.2,Dolphyin,s12,3,0.012,0.0
344,m25_n25,0.2,Dolphyin,s12,4,0.011,0.0
345,m25_n25,0.2,Dolphyin,s12,5,0.011,0.0
346,m25_n25,0.2,Dolphyin,s12,6,0.011,0.0
347,m25_n25,0.2,Dolphyin,s12,7,0.011,0.0
348,m25_n25,0.2,Dolphyin,s12,8,0.011,0.0
349,m25_n25,0.2,Dolphyin,s12,9,0.011,0.0
350,m25_n25,0.4,Dolphyin,s12,0,0.011,0.0
351,m25_n25,0.4,Dolphyin,s12,1,0.01,0.0
352,m25_n25,0.4,Dolphyin,s12,2,0.011,0.0
353,m25_n25,0.4,Dolphyin,s12,3,0.01,0.0
354,m25_n25,0.4,Dolphyin,s12,4,0.011,0.0
355,m25_n25,0.4,Dolphyin,s12,5,0.01,0.0
356,m25_n25,0.4,Dolphyin,s12,6,0.01,0.0
357,m25_n25,0.4,Dolphyin,s12,7,0.01,0.0
358,m25_n25,0.4,Dolphyin,s12,8,0.01,0.0
359,m25_n25,0.4,Dolphyin,s12,9,0.01,0.0
360,m25_n25,0.1,Dolphyin,s13,0,0.048,0.0
361,m25_n25,0.1,Dolphyin,s13,1,0.048,0.0
362,m25_n25,0.1,Dolphyin,s13,2,0.049,0.0
363,m25_n25,0.1,Dolphyin,s13,3,0.049,0.0
364,m25_n25,0.1,Dolphyin,s13,4,0.047,0.0
365,m25_n25,0.1,Dolphyin,s13,5,0.049,0.0
366,m25_n25,0.1,Dolphyin,s13,6,0.05,0.0
367,m25_n25,0.1,Dolphyin,s13,7,0.047,0.0
368,m25_n25,0.1,Dolphyin,s13,8,0.05,0.0
369,m25_n25,0.1,Dolphyin,s13,9,0.048,0.0
370,m25_n25,0.2,Dolphyin,s13,0,0.048,0.0
371,m25_n25,0.2,Dolphyin,s13,1,0.049,0.0
372,m25_n25,0.2,Dolphyin,s13,2,0.048,0.0
373,m25_n25,0.2,Dolphyin,s13,3,0.048,0.0
374,m25_n25,0.2,Dolphyin,s13,4,0.048,0.0
375,m25_n25,0.2,Dolphyin,s13,5,0.049,0.0
376,m25_n25,0.2,Dolphyin,s13,6,0.048,0.0
377,m25_n25,0.2,Dolphyin,s13,7,0.048,0.0
378,m25_n25,0.2,Dolphyin,s13,8,0.048,0.0
379,m25_n25,0.2,Dolphyin,s13,9,0.049,0.0
380,m25_n25,0.4,Dolphyin,s13,0,0.049,0.0
381,m25_n25,0.4,Dolphyin,s13,1,0.048,0.0
382,m25_n25,0.4,Dolphyin,s13,2,0.047,0.0
383,m25_n25,0.4,Dolphyin,s13,3,0.047,0.0
384,m25_n25,0.4,Dolphyin,s13,4,0.047,0.0
385,m25_n25,0.4,Dolphyin,s13,5,0.05,0.0
386,m25_n25,0.4,Dolphyin,s13,6,0.048,0.0
387,m25_n25,0.4,Dolphyin,s13,7,0.049,0.0
388,m25_n25,0.4,Dolphyin,s13,8,0.048,0.0
389,m25_n25,0.4,Dolphyin,s13,9,0.048,0.0
390,m25_n25,0.1,Dolphyin,s14,0,0.028,0.0
391,m25_n25,0.1,Dolphyin,s14,1,0.028,0.0
392,m25_n25,0.1,Dolphyin,s14,2,0.028,0.0
393,m25_n25,0.1,Dolphyin,s14,3,0.028,0.0
394,m25_n25,0.1,Dolphyin,s14,4,0.027,0.0
395,m25_n25,0.1,Dolphyin,s14,5,0.029,0.0
396,m25_n25,0.1,Dolphyin,s14,6,0.028,0.0
397,m25_n25,0.1,Dolphyin,s14,7,0.028,0.0
398,m25_n25,0.1,Dolphyin,s14,8,0.028,0.0
399,m25_n25,0.1,Dolphyin,s14,9,0.027,0.0
400,m25_n25,0.2,Dolphyin,s14,0,0.025,0.0
401,m25_n25,0.2,Dolphyin,s14,1,0.025,0.0
402,m25_n25,0.2,Dolphyin,s14,2,0.025,0.0
403,m25_n25,0.2,Dolphyin,s14,3,0.026,0.0
404,m25_n25,0.2,Dolphyin,s14,4,0.038,0.0
405,m25_n25,0.2,Dolphyin,s14,5,0.025,0.0
406,m25_n25,0.2,Dolphyin,s14,6,0.025,0.0
407,m25_n25,0.2,Dolphyin,s14,7,0.026,0.0
408,m25_n25,0.2,Dolphyin,s14,8,0.025,0.0
409,m25_n25,0.2,Dolphyin,s14,9,0.026,0.0
410,m25_n25,0.4,Dolphyin,s14,0,0.024,0.0
411,m25_n25,0.4,Dolphyin,s14,1,0.021,0.0
412,m25_n25,0.4,Dolphyin,s14,2,0.021,0.0
413,m25_n25,0.4,Dolphyin,s14,3,0.021,0.0
414,m25_n25,0.4,Dolphyin,s14,4,0.021,0.0
415,m25_n25,0.4,Dolphyin,s14,5,0.022,0.0
416,m25_n25,0.4,Dolphyin,s14,6,0.024,0.0
417,m25_n25,0.4,Dolphyin,s14,7,0.022,0.0
418,m25_n25,0.4,Dolphyin,s14,8,0.027,0.0
419,m25_n25,0.4,Dolphyin,s14,9,0.028,0.0
420,m25_n25,0.1,Dolphyin,s15,0,0.027,0.071028
421,m25_n25,0.1,Dolphyin,s15,1,0.013,0.0242991
422,m25_n25,0.1,Dolphyin,s15,2,0.012,0.0186916
423,m25_n25,0.1,Dolphyin,s15,3,0.013,0.0654206
424,m25_n25,0.1,Dolphyin,s15,4,0.013,0.0672897
425,m25_n25,0.1,Dolphyin,s15,5,0.014,0.0168224
426,m25_n25,0.1,Dolphyin,s15,6,0.031,0.117757
427,m25_n25,0.1,Dolphyin,s15,7,0.013,0.00747664
428,m25_n25,0.1,Dolphyin,s15,8,0.012,0.035514
429,m25_n25,0.1,Dolphyin,s15,9,0.013,0.0373832
430,m25_n25,0.2,Dolphyin,s15,0,0.011,0.0
431,m25_n25,0.2,Dolphyin,s15,1,0.011,0.0
432,m25_n25,0.2,Dolphyin,s15,2,0.011,0.0
433,m25_n25,0.2,Dolphyin,s15,3,0.011,0.0
434,m25_n25,0.2,Dolphyin,s15,4,0.011,0.0
435,m25_n25,0.2,Dolphyin,s15,5,0.011,0.0
436,m25_n25,0.2,Dolphyin,s15,6,0.01,0.0
437,m25_n25,0.2,Dolphyin,s15,7,0.012,0.0
438,m25_n25,0.2,Dolphyin,s15,8,0.011,0.0
439,m25_n25,0.2,Dolphyin,s15,9,0.011,0.0
440,m25_n25,0.4,Dolphyin,s15,0,0.011,0.0
441,m25_n25,0.4,Dolphyin,s15,1,0.011,0.0
442,m25_n25,0.4,Dolphyin,s15,2,0.011,0.0
443,m25_n25,0.4,Dolphyin,s15,3,0.011,0.0
444,m25_n25,0.4,Dolphyin,s15,4,0.011,0.0
445,m25_n25,0.4,Dolphyin,s15,5,0.011,0.0
446,m25_n25,0.4,Dolphyin,s15,6,0.011,0.0
447,m25_n25,0.4,Dolphyin,s15,7,0.011,0.0
448,m25_n25,0.4,Dolphyin,s15,8,0.011,0.0
449,m25_n25,0.4,Dolphyin,s15,9,0.011,0.0
450,m25_n25,0.1,Dolphyin,s16,0,0.011,0.0
451,m25_n25,0.1,Dolphyin,s16,1,0.01,0.0
452,m25_n25,0.1,Dolphyin,s16,2,0.011,0.0
453,m25_n25,0.1,Dolphyin,s16,3,0.01,0.0
454,m25_n25,0.1,Dolphyin,s16,4,0.011,0.0
455,m25_n25,0.1,Dolphyin,s16,5,0.011,0.0
456,m25_n25,0.1,Dolphyin,s16,6,0.01,0.0
457,m25_n25,0.1,Dolphyin,s16,7,0.01,0.0
458,m25_n25,0.1,Dolphyin,s16,8,0.01,0.0
459,m25_n25,0.1,Dolphyin,s16,9,0.011,0.0
460,m25_n25,0.2,Dolphyin,s16,0,0.01,0.0
461,m25_n25,0.2,Dolphyin,s16,1,0.01,0.0
462,m25_n25,0.2,Dolphyin,s16,2,0.01,0.0
463,m25_n25,0.2,Dolphyin,s16,3,0.011,0.0
464,m25_n25,0.2,Dolphyin,s16,4,0.011,0.0
465,m25_n25,0.2,Dolphyin,s16,5,0.01,0.0
466,m25_n25,0.2,Dolphyin,s16,6,0.011,0.0
467,m25_n25,0.2,Dolphyin,s16,7,0.01,0.0
468,m25_n25,0.2,Dolphyin,s16,8,0.011,0.0
469,m25_n25,0.2,Dolphyin,s16,9,0.01,0.0
470,m25_n25,0.4,Dolphyin,s16,0,0.01,0.0
471,m25_n25,0.4,Dolphyin,s16,1,0.01,0.0
472,m25_n25,0.4,Dolphyin,s16,2,0.01,0.0
473,m25_n25,0.4,Dolphyin,s16,3,0.01,0.0
474,m25_n25,0.4,Dolphyin,s16,4,0.01,0.0
475,m25_n25,0.4,Dolphyin,s16,5,0.01,0.0
476,m25_n25,0.4,Dolphyin,s16,6,0.01,0.0
477,m25_n25,0.4,Dolphyin,s16,7,0.01,0.0
478,m25_n25,0.4,Dolphyin,s16,8,0.01,0.0
479,m25_n25,0.4,Dolphyin,s16,9,0.01,0.0
480,m25_n25,0.1,Dolphyin,s17,0,0.011,0.0
481,m25_n25,0.1,Dolphyin,s17,1,0.01,0.0
482,m25_n25,0.1,Dolphyin,s17,2,0.011,0.0
483,m25_n25,0.1,Dolphyin,s17,3,0.01,0.0
484,m25_n25,0.1,Dolphyin,s17,4,0.01,0.0
485,m25_n25,0.1,Dolphyin,s17,5,0.011,0.0
486,m25_n25,0.1,Dolphyin,s17,6,0.011,0.0
487,m25_n25,0.1,Dolphyin,s17,7,0.01,0.0
488,m25_n25,0.1,Dolphyin,s17,8,0.011,0.0
489,m25_n25,0.1,Dolphyin,s17,9,0.01,0.0
490,m25_n25,0.2,Dolphyin,s17,0,0.01,0.0
491,m25_n25,0.2,Dolphyin,s17,1,0.01,0.0
492,m25_n25,0.2,Dolphyin,s17,2,0.01,0.0
493,m25_n25,0.2,Dolphyin,s17,3,0.01,0.0
494,m25_n25,0.2,Dolphyin,s17,4,0.01,0.0
495,m25_n25,0.2,Dolphyin,s17,5,0.01,0.0
496,m25_n25,0.2,Dolphyin,s17,6,0.01,0.0
497,m25_n25,0.2,Dolphyin,s17,7,0.01,0.0
498,m25_n25,0.2,Dolphyin,s17,8,0.01,0.0
499,m25_n25,0.2,Dolphyin,s17,9,0.01,0.0
500,m25_n25,0.4,Dolphyin,s17,0,0.01,0.0
501,m25_n25,0.4,Dolphyin,s17,1,0.01,0.0
502,m25_n25,0.4,Dolphyin,s17,2,0.01,0.0
503,m25_n25,0.4,Dolphyin,s17,3,0.01,0.0
504,m25_n25,0.4,Dolphyin,s17,4,0.01,0.0
505,m25_n25,0.4,Dolphyin,s17,5,0.012,0.0
506,m25_n25,0.4,Dolphyin,s17,6,0.011,0.0
507,m25_n25,0.4,Dolphyin,s17,7,0.011,0.0
508,m25_n25,0.4,Dolphyin,s17,8,0.01,0.0
509,m25_n25,0.4,Dolphyin,s17,9,0.01,0.0
510,m25_n25,0.1,Dolphyin,s18,0,0.011,0.0
511,m25_n25,0.1,Dolphyin,s18,1,0.012,0.0
512,m25_n25,0.1,Dolphyin,s18,2,0.011,0.0
513,m25_n25,0.1,Dolphyin,s18,3,0.012,0.0
514,m25_n25,0.1,Dolphyin,s18,4,0.011,0.0
515,m25_n25,0.1,Dolphyin,s18,5,0.012,0.0
516,m25_n25,0.1,Dolphyin,s18,6,0.011,0.0
517,m25_n25,0.1,Dolphyin,s18,7,0.012,0.0
518,m25_n25,0.1,Dolphyin,s18,8,0.011,0.0
519,m25_n25,0.1,Dolphyin,s18,9,0.011,0.0
520,m25_n25,0.2,Dolphyin,s18,0,0.012,0.0
521,m25_n25,0.2,Dolphyin,s18,1,0.011,0.0
522,m25_n25,0.2,Dolphyin,s18,2,0.011,0.0
523,m25_n25,0.2,Dolphyin,s18,3,0.011,0.0
524,m25_n25,0.2,Dolphyin,s18,4,0.012,0.0
525,m25_n25,0.2,Dolphyin,s18,5,0.011,0.0
526,m25_n25,0.2,Dolphyin,s18,6,0.012,0.0
527,m25_n25,0.2,Dolphyin,s18,7,0.011,0.0
528,m25_n25,0.2,Dolphyin,s18,8,0.011,0.0
529,m25_n25,0.2,Dolphyin,s18,9,0.011,0.0
530,m25_n25,0.4,Dolphyin,s18,0,0.011,0.0
531,m25_n25,0.4,Dolphyin,s18,1,0.012,0.0
532,m25_n25,0.4,Dolphyin,s18,2,0.012,0.0
533,m25_n25,0.4,Dolphyin,s18,3,0.012,0.0
534,m25_n25,0.4,Dolphyin,s18,4,0.011,0.0
535,m25_n25,0.4,Dolphyin,s18,5,0.012,0.0
536,m25_n25,0.4,Dolphyin,s18,6,0.011,0.0
537,m25_n25,0.4,Dolphyin,s18,7,0.012,0.0
538,m25_n25,0.4,Dolphyin,s18,8,0.011,0.0
539,m25_n25,0.4,Dolphyin,s18,9,0.012,0.0
540,m25_n25,0.1,Dolphyin,s19,0,0.063,0.0
541,m25_n25,0.1,Dolphyin,s19,1,0.057,0.0
542,m25_n25,0.1,Dolphyin,s19,2,0.054,0.0
543,m25_n25,0.1,Dolphyin,s19,3,0.058,0.0
544,m25_n25,0.1,Dolphyin,s19,4,0.055,0.0
545,m25_n25,0.1,Dolphyin,s19,5,0.062,0.0
546,m25_n25,0.1,Dolphyin,s19,6,0.062,0.0
547,m25_n25,0.1,Dolphyin,s19,7,0.064,0.0
548,m25_n25,0.1,Dolphyin,s19,8,0.067,0.0
549,m25_n25,0.1,Dolphyin,s19,9,0.064,0.0
550,m25_n25,0.2,Dolphyin,s19,0,0.031,0.0
551,m25_n25,0.2,Dolphyin,s19,1,0.033,0.0
552,m25_n25,0.2,Dolphyin,s19,2,0.036,0.0
553,m25_n25,0.2,Dolphyin,s19,3,0.034,0.0
554,m25_n25,0.2,Dolphyin,s19,4,0.038,0.0
555,m25_n25,0.2,Dolphyin,s19,5,0.036,0.0
556,m25_n25,0.2,Dolphyin,s19,6,0.035,0.0
557,m25_n25,0.2,Dolphyin,s19,7,0.036,0.0
558,m25_n25,0.2,Dolphyin,s19,8,0.035,0.0
559,m25_n25,0.2,Dolphyin,s19,9,0.035,0.0
560,m25_n25,0.4,Dolphyin,s19,0,0.028,0.0146751
561,m25_n25,0.4,Dolphyin,s19,1,0.024,0.0146751
562,m25_n25,0.4,Dolphyin,s19,2,0.012,0.0146751
563,m25_n25,0.4,Dolphyin,s19,3,0.028,0.0398323
564,m25_n25,0.4,Dolphyin,s19,4,0.011,0.0230608
565,m25_n25,0.4,Dolphyin,s19,5,0.012,0.0209644
566,m25_n25,0.4,Dolphyin,s19,6,0.013,0.0188679
567,m25_n25,0.4,Dolphyin,s19,7,0.011,0.033543
568,m25_n25,0.4,Dolphyin,s19,8,0.012,0.0230608
569,m25_n25,0.4,Dolphyin,s19,9,0.012,0.0125786
570,m25_n25,0.1,Dolphyin,s20,0,0.021,0.0
571,m25_n25,0.1,Dolphyin,s20,1,0.02,0.0
572,m25_n25,0.1,Dolphyin,s20,2,0.023,0.0
573,m25_n25,0.1,Dolphyin,s20,3,0.022,0.0
574,m25_n25,0.1,Dolphyin,s20,4,0.024,0.0
575,m25_n25,0.1,Dolphyin,s20,5,0.026,0.0
576,m25_n25,0.1,Dolphyin,s20,6,0.025,0.0
577,m25_n25,0.1,Dolphyin,s20,7,0.025,0.0
578,m25_n25,0.1,Dolphyin,s20,8,0.025,0.0
579,m25_n25,0.1,Dolphyin,s20,9,0.025,0.0
580,m25_n25,0.2,Dolphyin,s20,0,0.025,0.0
581,m25_n25,0.2,Dolphyin,s20,1,0.025,0.0
582,m25_n25,0.2,Dolphyin,s20,2,0.025,0.0
583,m25_n25,0.2,Dolphyin,s20,3,0.025,0.0
584,m25_n25,0.2,Dolphyin,s20,4,0.025,0.0
585,m25_n25,0.2,Dolphyin,s20,5,0.025,0.0
586,m25_n25,0.2,Dolphyin,s20,6,0.025,0.0
587,m25_n25,0.2,Dolphyin,s20,7,0.025,0.0
588,m25_n25,0.2,Dolphyin,s20,8,0.025,0.0
589,m25_n25,0.2,Dolphyin,s20,9,0.026,0.0
590,m25_n25,0.4,Dolphyin,s20,0,0.034,0.0
591,m25_n25,0.4,Dolphyin,s20,1,0.033,0.0
592,m25_n25,0.4,Dolphyin,s20,2,0.033,0.0
593,m25_n25,0.4,Dolphyin,s20,3,0.033,0.0
594,m25_n25,0.4,Dolphyin,s20,4,0.034,0.0
595,m25_n25,0.4,Dolphyin,s20,5,0.035,0.0
596,m25_n25,0.4,Dolphyin,s20,6,0.034,0.0
597,m25_n25,0.4,Dolphyin,s20,7,0.034,0.0
598,m25_n25,0.4,Dolphyin,s20,8,0.034,0.0
599,m25_n25,0.4,Dolphyin,s20,9,0.035,0.0
600,m50_n25,0.1,Dolphyin,s1,0,0.022,0.0404949
601,m50_n25,0.1,Dolphyin,s1,1,0.021,0.0494938
602,m50_n25,0.1,Dolphyin,s1,2,0.02,0.0449944
603,m50_n25,0.1,Dolphyin,s1,3,0.021,0.0427447
604,m50_n25,0.1,Dolphyin,s1,4,0.022,0.0449944
605,m50_n25,0.1,Dolphyin,s1,5,0.019,0.0427447
606,m50_n25,0.1,Dolphyin,s1,6,0.018,0.0427447
607,m50_n25,0.1,Dolphyin,s1,7,0.018,0.0449944
608,m50_n25,0.1,Dolphyin,s1,8,0.018,0.0427447
609,m50_n25,0.1,Dolphyin,s1,9,0.018,0.0427447
610,m50_n25,0.2,Dolphyin,s1,0,0.024,0.0415264
611,m50_n25,0.2,Dolphyin,s1,1,0.025,0.0482604
612,m50_n25,0.2,Dolphyin,s1,2,0.025,0.0493827
613,m50_n25,0.2,Dolphyin,s1,3,0.024,0.0482604
614,m50_n25,0.2,Dolphyin,s1,4,0.026,0.0684624
615,m50_n25,0.2,Dolphyin,s1,5,0.02,0.0493827
616,m50_n25,0.2,Dolphyin,s1,6,0.02,0.0549944
617,m50_n25,0.2,Dolphyin,s1,7,0.023,0.0493827
618,m50_n25,0.2,Dolphyin,s1,8,0.02,0.047138
619,m50_n25,0.2,Dolphyin,s1,9,0.02,0.0493827
620,m50_n25,0.4,Dolphyin,s1,0,0.087,0.0321865
621,m50_n25,0.4,Dolphyin,s1,1,0.16,0.0443951
622,m50_n25,0.4,Dolphyin,s1,2,0.02,0.0577137
623,m50_n25,0.4,Dolphyin,s1,3,0.018,0.0233074
624,m50_n25,0.4,Dolphyin,s1,4,0.126,0.0255272
625,m50_n25,0.4,Dolphyin,s1,5,0.018,0.0665927
626,m50_n25,0.4,Dolphyin,s1,6,0.018,0.0432852
627,m50_n25,0.4,Dolphyin,s1,7,0.157,0.0288568
628,m50_n25,0.4,Dolphyin,s1,8,0.018,0.0466149
629,m50_n25,0.4,Dolphyin,s1,9,0.018,0.0210877
630,m50_n25,0.1,Dolphyin,s2,0,0.021,0.272899
631,m50_n25,0.1,Dolphyin,s2,1,0.017,0.0283286
632,m50_n25,0.1,Dolphyin,s2,2,0.019,0.095373
633,m50_n25,0.1,Dolphyin,s2,3,0.019,0.0651558
634,m50_n25,0.1,Dolphyin,s2,4,0.018,0.0972616
635,m50_n25,0.1,Dolphyin,s2,5,0.019,0.0972616
636,m50_n25,0.1,Dolphyin,s2,6,0.019,0.116147
637,m50_n25,0.1,Dolphyin,s2,7,0.016,0.0897073
638,m50_n25,0.1,Dolphyin,s2,8,0.091,0.0462701
639,m50_n25,0.1,Dolphyin,s2,9,0.018,0.0670444
640,m50_n25,0.2,Dolphyin,s2,0,0.02,0.012951
641,m50_n25,0.2,Dolphyin,s2,1,0.02,0.0407031
642,m50_n25,0.2,Dolphyin,s2,2,0.017,0.0490287
643,m50_n25,0.2,Dolphyin,s2,3,0.02,0.0851064
644,m50_n25,0.2,Dolphyin,s2,4,0.02,0.0777058
645,m50_n25,0.2,Dolphyin,s2,5,0.019,0.0897317
646,m50_n25,0.2,Dolphyin,s2,6,0.018,0.0703053
647,m50_n25,0.2,Dolphyin,s2,7,0.018,0.13321
648,m50_n25,0.2,Dolphyin,s2,8,0.018,0.0592044
649,m50_n25,0.2,Dolphyin,s2,9,0.018,0.0490287
650,m50_n25,0.4,Dolphyin,s2,0,0.017,0.0
651,m50_n25,0.4,Dolphyin,s2,1,0.016,0.0
652,m50_n25,0.4,Dolphyin,s2,2,0.016,0.0
653,m50_n25,0.4,Dolphyin,s2,3,0.016,0.0
654,m50_n25,0.4,Dolphyin,s2,4,0.017,0.0
655,m50_n25,0.4,Dolphyin,s2,5,0.017,0.0
656,m50_n25,0.4,Dolphyin,s2,6,0.016,0.0
657,m50_n25,0.4,Dolphyin,s2,7,0.017,0.0
658,m50_n25,0.4,Dolphyin,s2,8,0.017,0.0
659,m50_n25,0.4,Dolphyin,s2,9,0.017,0.0
660,m50_n25,0.1,Dolphyin,s3,0,0.013,0.0
661,m50_n25,0.1,Dolphyin,s3,1,0.012,0.0
662,m50_n25,0.1,Dolphyin,s3,2,0.012,0.0
663,m50_n25,0.1,Dolphyin,s3,3,0.013,0.0
664,m50_n25,0.1,Dolphyin,s3,4,0.013,0.0
665,m50_n25,0.1,Dolphyin,s3,5,0.012,0.0
666,m50_n25,0.1,Dolphyin,s3,6,0.013,0.0
667,m50_n25,0.1,Dolphyin,s3,7,0.013,0.0
668,m50_n25,0.1,Dolphyin,s3,8,0.013,0.0
669,m50_n25,0.1,Dolphyin,s3,9,0.013,0.0
670,m50_n25,0.2,Dolphyin,s3,0,0.014,0.0
671,m50_n25,0.2,Dolphyin,s3,1,0.014,0.0
672,m50_n25,0.2,Dolphyin,s3,2,0.014,0.0
673,m50_n25,0.2,Dolphyin,s3,3,0.014,0.0
674,m50_n25,0.2,Dolphyin,s3,4,0.013,0.0
675,m50_n25,0.2,Dolphyin,s3,5,0.014,0.0
676,m50_n25,0.2,Dolphyin,s3,6,0.014,0.0
677,m50_n25,0.2,Dolphyin,s3,7,0.014,0.0
678,m50_n25,0.2,Dolphyin,s3,8,0.014,0.0
679,m50_n25,0.2,Dolphyin,s3,9,0.015,0.0
680,m50_n25,0.4,Dolphyin,s3,0,0.013,0.0
681,m50_n25,0.4,Dolphyin,s3,1,0.012,0.0
682,m50_n25,0.4,Dolphyin,s3,2,0.012,0.0
683,m50_n25,0.4,Dolphyin,s3,3,0.012,0.0
684,m50_n25,0.4,Dolphyin,s3,4,0.013,0.0
685,m50_n25,0.4,Dolphyin,s3,5,0.012,0.0
686,m50_n25,0.4,Dolphyin,s3,6,0.014,0.0
687,m50_n25,0.4,Dolphyin,s3,7,0.012,0.0
688,m50_n25,0.4,Dolphyin,s3,8,0.014,0.0
689,m50_n25,0.4,Dolphyin,s3,9,0.012,0.0
690,m50_n25,0.1,Dolphyin,s4,0,0.081,0.0
691,m50_n25,0.1,Dolphyin,s4,1,0.081,0.0
692,m50_n25,0.1,Dolphyin,s4,2,0.082,0.0
693,m50_n25,0.1,Dolphyin,s4,3,0.084,0.0
694,m50_n25,0.1,Dolphyin,s4,4,0.085,0.0
695,m50_n25,0.1,Dolphyin,s4,5,0.082,0.0
696,m50_n25,0.1,Dolphyin,s4,6,0.074,0.0
697,m50_n25,0.1,Dolphyin,s4,7,0.08,0.0
698,m50_n25,0.1,Dolphyin,s4,8,0.078,0.0
699,m50_n25,0.1,Dolphyin,s4,9,0.081,0.0
700,m50_n25,0.2,Dolphyin,s4,0,0.019,0.025878
701,m50_n25,0.2,Dolphyin,s4,1,0.019,0.025878
702,m50_n25,0.2,Dolphyin,s4,2,0.019,0.0443623
703,m50_n25,0.2,Dolphyin,s4,3,0.02,0.0757856
704,m50_n25,0.2,Dolphyin,s4,4,0.019,0.0443623
705,m50_n25,0.2,Dolphyin,s4,5,0.112,0.0693161
706,m50_n25,0.2,Dolphyin,s4,6,0.017,0.0674677
707,m50_n25,0.2,Dolphyin,s4,7,0.077,0.0822551
708,m50_n25,0.2,Dolphyin,s4,8,0.018,0.090573
709,m50_n25,0.2,Dolphyin,s4,9,0.018,0.0480591
710,m50_n25,0.4,Dolphyin,s4,0,0.02,0.0
711,m50_n25,0.4,Dolphyin,s4,1,0.02,0.0
712,m50_n25,0.4,Dolphyin,s4,2,0.02,0.0
713,m50_n25,0.4,Dolphyin,s4,3,0.02,0.0
714,m50_n25,0.4,Dolphyin,s4,4,0.02,0.0
715,m50_n25,0.4,Dolphyin,s4,5,0.02,0.0
716,m50_n25,0.4,Dolphyin,s4,6,0.02,0.0
717,m50_n25,0.4,Dolphyin,s4,7,0.02,0.0
718,m50_n25,0.4,Dolphyin,s4,8,0.018,0.0
719,m50_n25,0.4,Dolphyin,s4,9,0.02,0.0
720,m50_n25,0.1,Dolphyin,s5,0,0.051,0.0
721,m50_n25,0.1,Dolphyin,s5,1,0.043,0.0
722,m50_n25,0.1,Dolphyin,s5,2,0.042,0.0
723,m50_n25,0.1,Dolphyin,s5,3,0.042,0.0
724,m50_n25,0.1,Dolphyin,s5,4,0.042,0.0
725,m50_n25,0.1,Dolphyin,s5,5,0.046,0.0
726,m50_n25,0.1,Dolphyin,s5,6,0.048,0.0
727,m50_n25,0.1,Dolphyin,s5,7,0.047,0.0
728,m50_n25,0.1,Dolphyin,s5,8,0.046,0.0
729,m50_n25,0.1,Dolphyin,s5,9,0.046,0.0
730,m50_n25,0.2,Dolphyin,s5,0,0.05,0.0
731,m50_n25,0.2,Dolphyin,s5,1,0.048,0.0
732,m50_n25,0.2,Dolphyin,s5,2,0.049,0.0
733,m50_n25,0.2,Dolphyin,s5,3,0.051,0.0
734,m50_n25,0.2,Dolphyin,s5,4,0.05,0.0
735,m50_n25,0.2,Dolphyin,s5,5,0.053,0.0
736,m50_n25,0.2,Dolphyin,s5,6,0.053,0.0
737,m50_n25,0.2,Dolphyin,s5,7,0.053,0.0
738,m50_n25,0.2,Dolphyin,s5,8,0.054,0.0
739,m50_n25,0.2,Dolphyin,s5,9,0.053,0.0
740,m50_n25,0.4,Dolphyin,s5,0,0.061,0.0
741,m50_n25,0.4,Dolphyin,s5,1,0.062,0.0
742,m50_n25,0.4,Dolphyin,s5,2,0.069,0.0
743,m50_n25,0.4,Dolphyin,s5,3,0.068,0.0
744,m50_n25,0.4,Dolphyin,s5,4,0.074,0.0
745,m50_n25,0.4,Dolphyin,s5,5,0.069,0.0
746,m50_n25,0.4,Dolphyin,s5,6,0.065,0.0
747,m50_n25,0.4,Dolphyin,s5,7,0.067,0.0
748,m50_n25,0.4,Dolphyin,s5,8,0.066,0.0
749,m50_n25,0.4,Dolphyin,s5,9,0.066,0.0
750,m50_n25,0.1,Dolphyin,s6,0,0.02,0.0
751,m50_n25,0.1,Dolphyin,s6,1,0.02,0.0
752,m50_n25,0.1,Dolphyin,s6,2,0.02,0.0
753,m50_n25,0.1,Dolphyin,s6,3,0.02,0.0
754,m50_n25,0.1,Dolphyin,s6,4,0.021,0.0
755,m50_n25,0.1,Dolphyin,s6,5,0.02,0.0
756,m50_n25,0.1,Dolphyin,s6,6,0.021,0.0
757,m50_n25,0.1,Dolphyin,s6,7,0.021,0.0
758,m50_n25,0.1,Dolphyin,s6,8,0.02,0.0
759,m50_n25,0.1,Dolphyin,s6,9,0.019,0.0
760,m50_n25,0.2,Dolphyin,s6,0,0.038,0.0
761,m50_n25,0.2,Dolphyin,s6,1,0.037,0.0
762,m50_n25,0.2,Dolphyin,s6,2,0.037,0.0
763,m50_n25,0.2,Dolphyin,s6,3,0.037,0.0
764,m50_n25,0.2,Dolphyin,s6,4,0.039,0.0
765,m50_n25,0.2,Dolphyin,s6,5,0.037,0.0
766,m50_n25,0.2,Dolphyin,s6,6,0.037,0.0
767,m50_n25,0.2,Dolphyin,s6,7,0.036,0.0
768,m50_n25,0.2,Dolphyin,s6,8,0.035,0.0
769,m50_n25,0.2,Dolphyin,s6,9,0.038,0.0
770,m50_n25,0.4,Dolphyin,s6,0,0.039,0.0
771,m50_n25,0.4,Dolphyin,s6,1,0.037,0.0
772,m50_n25,0.4,Dolphyin,s6,2,0.038,0.0
773,m50_n25,0.4,Dolphyin,s6,3,0.038,0.0
774,m50_n25,0.4,Dolphyin,s6,4,0.038,0.0
775,m50_n25,0.4,Dolphyin,s6,5,0.037,0.0
776,m50_n25,0.4,Dolphyin,s6,6,0.035,0.0
777,m50_n25,0.4,Dolphyin,s6,7,0.036,0.0
778,m50_n25,0.4,Dolphyin,s6,8,0.035,0.0
779,m50_n25,0.4,Dolphyin,s6,9,0.036,0.0
780,m50_n25,0.1,Dolphyin,s7,0,0.022,0.0811966
781,m50_n25,0.1,Dolphyin,s7,1,0.021,0.0726496
782,m50_n25,0.1,Dolphyin,s7,2,0.021,0.0384615
783,m50_n25,0.1,Dolphyin,s7,3,0.02,0.0405983
784,m50_n25,0.1,Dolphyin,s7,4,0.02,0.0854701
785,m50_n25,0.1,Dolphyin,s7,5,0.019,0.148504
786,m50_n25,0.1,Dolphyin,s7,6,0.018,0.042735
787,m50_n25,0.1,Dolphyin,s7,7,0.02,0.099359
788,m50_n25,0.1,Dolphyin,s7,8,0.018,0.0747863
789,m50_n25,0.1,Dolphyin,s7,9,0.02,0.115385
790,m50_n25,0.2,Dolphyin,s7,0,0.018,0.0888889
791,m50_n25,0.2,Dolphyin,s7,1,0.018,0.133333
792,m50_n25,0.2,Dolphyin,s7,2,0.019,0.12381
793,m50_n25,0.2,Dolphyin,s7,3,0.018,0.166138
794,m50_n25,0.2,Dolphyin,s7,4,0.019,0.0994709
795,m50_n25,0.2,Dolphyin,s7,5,0.018,0.0814815
796,m50_n25,0.2,Dolphyin,s7,6,0.057,0.0973545
797,m50_n25,0.2,Dolphyin,s7,7,0.069,0.112169
798,m50_n25,0.2,Dolphyin,s7,8,0.018,0.0232804
799,m50_n25,0.2,Dolphyin,s7,9,0.076,0.140741
800,m50_n25,0.4,Dolphyin,s7,0,0.064,0.118697
801,m50_n25,0.4,Dolphyin,s7,1,0.017,0.161765
802,m50_n25,0.4,Dolphyin,s7,2,0.018,0.0556723
803,m50_n25,0.4,Dolphyin,s7,3,0.017,0.0892857
804,m50_n25,0.4,Dolphyin,s7,4,0.018,0.0819328
805,m50_n25,0.4,Dolphyin,s7,5,0.017,0.146008
806,m50_n25,0.4,Dolphyin,s7,6,0.017,0.0535714
807,m50_n25,0.4,Dolphyin,s7,7,0.016,0.0819328
808,m50_n25,0.4,Dolphyin,s7,8,0.017,0.125
809,m50_n25,0.4,Dolphyin,s7,9,0.017,0.113445
810,m50_n25,0.1,Dolphyin,s8,0,0.019,0.0606061
811,m50_n25,0.1,Dolphyin,s8,1,0.016,0.0359147
812,m50_n25,0.1,Dolphyin,s8,2,0.019,0.0448934
813,m50_n25,0.1,Dolphyin,s8,3,0.02,0.016835
814,m50_n25,0.1,Dolphyin,s8,4,0.017,0.0516274
815,m50_n25,0.1,Dolphyin,s8,5,0.017,0.0516274
816,m50_n25,0.1,Dolphyin,s8,6,0.041,0.0662177
817,m50_n25,0.1,Dolphyin,s8,7,0.016,0.0516274
818,m50_n25,0.1,Dolphyin,s8,8,0.016,0.0606061
819,m50_n25,0.1,Dolphyin,s8,9,0.018,0.0482604
820,m50_n25,0.2,Dolphyin,s8,0,0.018,0.0252747
821,m50_n25,0.2,Dolphyin,s8,1,0.053,0.128571
822,m50_n25,0.2,Dolphyin,s8,2,0.018,0.0318681
823,m50_n25,0.2,Dolphyin,s8,3,0.019,0.12967
824,m50_n25,0.2,Dolphyin,s8,4,0.017,0.032967
825,m50_n25,0.2,Dolphyin,s8,5,0.019,0.0450549
826,m50_n25,0.2,Dolphyin,s8,6,0.062,0.0527473
827,m50_n25,0.2,Dolphyin,s8,7,0.06,0.0648352
828,m50_n25,0.2,Dolphyin,s8,8,0.02,0.0120879
829,m50_n25,0.2,Dolphyin,s8,9,0.019,0.0318681
830,m50_n25,0.4,Dolphyin,s8,0,0.042,0.0
831,m50_n25,0.4,Dolphyin,s8,1,0.041,0.0
832,m50_n25,0.4,Dolphyin,s8,2,0.042,0.0
833,m50_n25,0.4,Dolphyin,s8,3,0.045,0.0
834,m50_n25,0.4,Dolphyin,s8,4,0.044,0.0
835,m50_n25,0.4,Dolphyin,s8,5,0.043,0.0
836,m50_n25,0.4,Dolphyin,s8,6,0.045,0.0
837,m50_n25,0.4,Dolphyin,s8,7,0.044,0.0
838,m50_n25,0.4,Dolphyin,s8,8,0.044,0.0
839,m50_n25,0.4,Dolphyin,s8,9,0.044,0.0
840,m50_n25,0.1,Dolphyin,s9,0,0.015,0.0
841,m50_n25,0.1,Dolphyin,s9,1,0.015,0.0
842,m50_n25,0.1,Dolphyin,s9,2,0.015,0.0
843,m50_n25,0.1,Dolphyin,s9,3,0.015,0.0
844,m50_n25,0.1,Dolphyin,s9,4,0.015,0.0
845,m50_n25,0.1,Dolphyin,s9,5,0.014,0.0
846,m50_n25,0.1,Dolphyin,s9,6,0.017,0.0
847,m50_n25,0.1,Dolphyin,s9,7,0.014,0.0
848,m50_n25,0.1,Dolphyin,s9,8,0.016,0.0
849,m50_n25,0.1,Dolphyin,s9,9,0.015,0.0
850,m50_n25,0.2,Dolphyin,s9,0,0.047,0.109026
851,m50_n25,0.2,Dolphyin,s9,1,0.018,0.075067
852,m50_n25,0.2,Dolphyin,s9,2,0.044,0.0741734
853,m50_n25,0.2,Dolphyin,s9,3,0.018,0.0500447
854,m50_n25,0.2,Dolphyin,s9,4,0.015,0.0661305
855,m50_n25,0.2,Dolphyin,s9,5,0.016,0.080429
856,m50_n25,0.2,Dolphyin,s9,6,0.015,0.0920465
857,m50_n25,0.2,Dolphyin,s9,7,0.016,0.051832
858,m50_n25,0.2,Dolphyin,s9,8,0.016,0.0607685
859,m50_n25,0.2,Dolphyin,s9,9,0.015,0.075067
860,m50_n25,0.4,Dolphyin,s9,0,0.015,0.0
861,m50_n25,0.4,Dolphyin,s9,1,0.016,0.0
862,m50_n25,0.4,Dolphyin,s9,2,0.016,0.0
863,m50_n25,0.4,Dolphyin,s9,3,0.016,0.0
864,m50_n25,0.4,Dolphyin,s9,4,0.016,0.0
865,m50_n25,0.4,Dolphyin,s9,5,0.014,0.0
866,m50_n25,0.4,Dolphyin,s9,6,0.013,0.0
867,m50_n25,0.4,Dolphyin,s9,7,0.014,0.0
868,m50_n25,0.4,Dolphyin,s9,8,0.015,0.0
869,m50_n25,0.4,Dolphyin,s9,9,0.015,0.0
870,m50_n25,0.1,Dolphyin,s10,0,0.071,0.0779352
871,m50_n25,0.1,Dolphyin,s10,1,0.022,0.0738866
872,m50_n25,0.1,Dolphyin,s10,2,0.021,0.0991903
873,m50_n25,0.1,Dolphyin,s10,3,0.02,0.0759109
874,m50_n25,0.1,Dolphyin,s10,4,0.019,0.105263
875,m50_n25,0.1,Dolphyin,s10,5,0.027,0.0840081
876,m50_n25,0.1,Dolphyin,s10,6,0.02,0.0931174
877,m50_n25,0.1,Dolphyin,s10,7,0.023,0.062753
878,m50_n25,0.1,Dolphyin,s10,8,0.02,0.0759109
879,m50_n25,0.1,Dolphyin,s10,9,0.018,0.0779352
880,m50_n25,0.2,Dolphyin,s10,0,0.079,0.0523715
881,m50_n25,0.2,Dolphyin,s10,1,0.017,0.125494
882,m50_n25,0.2,Dolphyin,s10,2,0.016,0.0503953
883,m50_n25,0.2,Dolphyin,s10,3,0.019,0.106719
884,m50_n25,0.2,Dolphyin,s10,4,0.018,0.034585
885,m50_n25,0.2,Dolphyin,s10,5,0.019,0.0938735
886,m50_n25,0.2,Dolphyin,s10,6,0.112,0.133399
887,m50_n25,0.2,Dolphyin,s10,7,0.108,0.113636
888,m50_n25,0.2,Dolphyin,s10,8,0.105,0.0721344
889,m50_n25,0.2,Dolphyin,s10,9,0.02,0.0247036
890,m50_n25,0.4,Dolphyin,s10,0,0.017,0.0462144
891,m50_n25,0.4,Dolphyin,s10,1,0.022,0.0285152
892,m50_n25,0.4,Dolphyin,s10,2,0.017,0.0412979
893,m50_n25,0.4,Dolphyin,s10,3,0.021,0.0383481
894,m50_n25,0.4,Dolphyin,s10,4,0.057,0.0668633
895,m50_n25,0.4,Dolphyin,s10,5,0.027,0.0599803
896,m50_n25,0.4,Dolphyin,s10,6,0.105,0.0393314
897,m50_n25,0.4,Dolphyin,s10,7,0.079,0.0540806
898,m50_n25,0.4,Dolphyin,s10,8,0.022,0.0422812
899,m50_n25,0.4,Dolphyin,s10,9,0.062,0.0265487
900,m50_n25,0.1,Dolphyin,s11,0,0.013,0.0
901,m50_n25,0.1,Dolphyin,s11,1,0.013,0.0
902,m50_n25,0.1,Dolphyin,s11,2,0.013,0.0
903,m50_n25,0.1,Dolphyin,s11,3,0.013,0.0
904,m50_n25,0.1,Dolphyin,s11,4,0.013,0.0
905,m50_n25,0.1,Dolphyin,s11,5,0.015,0.0
906,m50_n25,0.1,Dolphyin,s11,6,0.017,0.0
907,m50_n25,0.1,Dolphyin,s11,7,0.016,0.0
908,m50_n25,0.1,Dolphyin,s11,8,0.017,0.0
909,m50_n25,0.1,Dolphyin,s11,9,0.016,0.0
910,m50_n25,0.2,Dolphyin,s11,0,0.013,0.0
911,m50_n25,0.2,Dolphyin,s11,1,0.013,0.0
912,m50_n25,0.2,Dolphyin,s11,2,0.013,0.0
913,m50_n25,0.2,Dolphyin,s11,3,0.013,0.0
914,m50_n25,0.2,Dolphyin,s11,4,0.018,0.0
915,m50_n25,0.2,Dolphyin,s11,5,0.016,0.0
916,m50_n25,0.2,Dolphyin,s11,6,0.015,0.0
917,m50_n25,0.2,Dolphyin,s11,7,0.016,0.0
918,m50_n25,0.2,Dolphyin,s11,8,0.016,0.0
919,m50_n25,0.2,Dolphyin,s11,9,0.016,0.0
920,m50_n25,0.4,Dolphyin,s11,0,0.017,0.0
921,m50_n25,0.4,Dolphyin,s11,1,0.019,0.0
922,m50_n25,0.4,Dolphyin,s11,2,0.019,0.0
923,m50_n25,0.4,Dolphyin,s11,3,0.018,0.0
924,m50_n25,0.4,Dolphyin,s11,4,0.02,0.0
925,m50_n25,0.4,Dolphyin,s11,5,0.021,0.0
926,m50_n25,0.4,Dolphyin,s11,6,0.021,0.0
927,m50_n25,0.4,Dolphyin,s11,7,0.02,0.0
928,m50_n25,0.4,Dolphyin,s11,8,0.021,0.0
929,m50_n25,0.4,Dolphyin,s11,9,0.021,0.0
930,m50_n25,0.1,Dolphyin,s12,0,0.02,0.0543162
931,m50_n25,0.1,Dolphyin,s12,1,0.019,0.0843841
932,m50_n25,0.1,Dolphyin,s12,2,0.019,0.0669253
933,m50_n25,0.1,Dolphyin,s12,3,0.059,0.0523763
934,m50_n25,0.1,Dolphyin,s12,4,0.191,0.057226
935,m50_n25,0.1,Dolphyin,s12,5,0.021,0.0446169
936,m50_n25,0.1,Dolphyin,s12,6,0.08,0.100873
937,m50_n25,0.1,Dolphyin,s12,7,0.075,0.0979631
938,m50_n25,0.1,Dolphyin,s12,8,0.102,0.0669253
939,m50_n25,0.1,Dolphyin,s12,9,0.023,0.0659554
940,m50_n25,0.2,Dolphyin,s12,0,0.021,0.0973282
941,m50_n25,0.2,Dolphyin,s12,1,0.021,0.0610687
942,m50_n25,0.2,Dolphyin,s12,2,0.087,0.0543893
943,m50_n25,0.2,Dolphyin,s12,3,0.021,0.0524809
944,m50_n25,0.2,Dolphyin,s12,4,0.083,0.0954198
945,m50_n25,0.2,Dolphyin,s12,5,0.071,0.101145
946,m50_n25,0.2,Dolphyin,s12,6,0.021,0.0916031
947,m50_n25,0.2,Dolphyin,s12,7,0.02,0.123092
948,m50_n25,0.2,Dolphyin,s12,8,0.017,0.0458015
949,m50_n25,0.2,Dolphyin,s12,9,0.064,0.028626
950,m50_n25,0.4,Dolphyin,s12,0,0.066,0.0533209
951,m50_n25,0.4,Dolphyin,s12,1,0.02,0.0589336
952,m50_n25,0.4,Dolphyin,s12,2,0.047,0.0402245
953,m50_n25,0.4,Dolphyin,s12,3,0.033,0.05145
954,m50_n25,0.4,Dolphyin,s12,4,0.041,0.0336763
955,m50_n25,0.4,Dolphyin,s12,5,0.02,0.0551918
956,m50_n25,0.4,Dolphyin,s12,6,0.018,0.0383536
957,m50_n25,0.4,Dolphyin,s12,7,0.016,0.135641
958,m50_n25,0.4,Dolphyin,s12,8,0.018,0.0177736
959,m50_n25,0.4,Dolphyin,s12,9,0.05,0.0486436
960,m50_n25,0.1,Dolphyin,s13,0,0.083,0.0
961,m50_n25,0.1,Dolphyin,s13,1,0.09,0.0
962,m50_n25,0.1,Dolphyin,s13,2,0.089,0.0
963,m50_n25,0.1,Dolphyin,s13,3,0.101,0.0
964,m50_n25,0.1,Dolphyin,s13,4,0.089,0.0
965,m50_n25,0.1,Dolphyin,s13,5,0.082,0.0
966,m50_n25,0.1,Dolphyin,s13,6,0.083,0.0
967,m50_n25,0.1,Dolphyin,s13,7,0.078,0.0
968,m50_n25,0.1,Dolphyin,s13,8,0.081,0.0
969,m50_n25,0.1,Dolphyin,s13,9,0.083,0.0
970,m50_n25,0.2,Dolphyin,s13,0,0.081,0.0
971,m50_n25,0.2,Dolphyin,s13,1,0.08,0.0
972,m50_n25,0.2,Dolphyin,s13,2,0.08,0.0
973,m50_n25,0.2,Dolphyin,s13,3,0.089,0.0
974,m50_n25,0.2,Dolphyin,s13,4,0.096,0.0
975,m50_n25,0.2,Dolphyin,s13,5,0.076,0.0
976,m50_n25,0.2,Dolphyin,s13,6,0.074,0.0
977,m50_n25,0.2,Dolphyin,s13,7,0.076,0.0
978,m50_n25,0.2,Dolphyin,s13,8,0.075,0.0
979,m50_n25,0.2,Dolphyin,s13,9,0.073,0.0
980,m50_n25,0.4,Dolphyin,s13,0,0.067,0.0
981,m50_n25,0.4,Dolphyin,s13,1,0.065,0.0
982,m50_n25,0.4,Dolphyin,s13,2,0.058,0.0
983,m50_n25,0.4,Dolphyin,s13,3,0.055,0.0
984,m50_n25,0.4,Dolphyin,s13,4,0.055,0.0
985,m50_n25,0.4,Dolphyin,s13,5,0.051,0.0
986,m50_n25,0.4,Dolphyin,s13,6,0.052,0.0
987,m50_n25,0.4,Dolphyin,s13,7,0.053,0.0
988,m50_n25,0.4,Dolphyin,s13,8,0.049,0.0
989,m50_n25,0.4,Dolphyin,s13,9,0.051,0.0
990,m50_n25,0.1,Dolphyin,s14,0,0.139,0.0
991,m50_n25,0.1,Dolphyin,s14,1,0.141,0.0
992,m50_n25,0.1,Dolphyin,s14,2,0.139,0.0
993,m50_n25,0.1,Dolphyin,s14,3,0.14,0.0
994,m50_n25,0.1,Dolphyin,s14,4,0.138,0.0
995,m50_n25,0.1,Dolphyin,s14,5,0.134,0.0
996,m50_n25,0.1,Dolphyin,s14,6,0.13,0.0
997,m50_n25,0.1,Dolphyin,s14,7,0.129,0.0
998,m50_n25,0.1,Dolphyin,s14,8,0.131,0.0
999,m50_n25,0.1,Dolphyin,s14,9,0.13,0.0
1000,m50_n25,0.2,Dolphyin,s14,0,0.11,0.0458167
1001,m50_n25,0.2,Dolphyin,s14,1,0.02,0.0348606
1002,m50_n25,0.2,Dolphyin,s14,2,0.114,0.0398406
1003,m50_n25,0.2,Dolphyin,s14,3,0.113,0.0308765
1004,m50_n25,0.2,Dolphyin,s14,4,0.017,0.0398406
1005,m50_n25,0.2,Dolphyin,s14,5,0.018,0.0358566
1006,m50_n25,0.2,Dolphyin,s14,6,0.104,0.0398406
1007,m50_n25,0.2,Dolphyin,s14,7,0.019,0.0229084
1008,m50_n25,0.2,Dolphyin,s14,8,0.114,0.0408367
1009,m50_n25,0.2,Dolphyin,s14,9,0.097,0.0507968
1010,m50_n25,0.4,Dolphyin,s14,0,0.051,0.136364
1011,m50_n25,0.4,Dolphyin,s14,1,0.022,0.0647969
1012,m50_n25,0.4,Dolphyin,s14,2,0.021,0.0764023
1013,m50_n25,0.4,Dolphyin,s14,3,0.021,0.05706
1014,m50_n25,0.4,Dolphyin,s14,4,0.021,0.0551257
1015,m50_n25,0.4,Dolphyin,s14,5,0.021,0.0589942
1016,m50_n25,0.4,Dolphyin,s14,6,0.02,0.0522244
1017,m50_n25,0.4,Dolphyin,s14,7,0.02,0.172147
1018,m50_n25,0.4,Dolphyin,s14,8,0.019,0.0212766
1019,m50_n25,0.4,Dolphyin,s14,9,0.02,0.0522244
1020,m50_n25,0.1,Dolphyin,s15,0,0.033,0.0
1021,m50_n25,0.1,Dolphyin,s15,1,0.03,0.0
1022,m50_n25,0.1,Dolphyin,s15,2,0.03,0.0
1023,m50_n25,0.1,Dolphyin,s15,3,0.031,0.0
1024,m50_n25,0.1,Dolphyin,s15,4,0.029,0.0
1025,m50_n25,0.1,Dolphyin,s15,5,0.03,0.0
1026,m50_n25,0.1,Dolphyin,s15,6,0.03,0.0
1027,m50_n25,0.1,Dolphyin,s15,7,0.03,0.0
1028,m50_n25,0.1,Dolphyin,s15,8,0.029,0.0
1029,m50_n25,0.1,Dolphyin,s15,9,0.028,0.0
1030,m50_n25,0.2,Dolphyin,s15,0,0.013,0.0
1031,m50_n25,0.2,Dolphyin,s15,1,0.014,0.0
1032,m50_n25,0.2,Dolphyin,s15,2,0.014,0.0
1033,m50_n25,0.2,Dolphyin,s15,3,0.015,0.0
1034,m50_n25,0.2,Dolphyin,s15,4,0.015,0.0
1035,m50_n25,0.2,Dolphyin,s15,5,0.014,0.0
1036,m50_n25,0.2,Dolphyin,s15,6,0.014,0.0
1037,m50_n25,0.2,Dolphyin,s15,7,0.014,0.0
1038,m50_n25,0.2,Dolphyin,s15,8,0.014,0.0
1039,m50_n25,0.2,Dolphyin,s15,9,0.016,0.0
1040,m50_n25,0.4,Dolphyin,s15,0,0.022,0.0
1041,m50_n25,0.4,Dolphyin,s15,1,0.022,0.0
1042,m50_n25,0.4,Dolphyin,s15,2,0.022,0.0
1043,m50_n25,0.4,Dolphyin,s15,3,0.022,0.0
1044,m50_n25,0.4,Dolphyin,s15,4,0.022,0.0
1045,m50_n25,0.4,Dolphyin,s15,5,0.022,0.0
1046,m50_n25,0.4,Dolphyin,s15,6,0.023,0.0
1047,m50_n25,0.4,Dolphyin,s15,7,0.024,0.0
1048,m50_n25,0.4,Dolphyin,s15,8,0.025,0.0
1049,m50_n25,0.4,Dolphyin,s15,9,0.022,0.0
1050,m50_n25,0.1,Dolphyin,s16,0,0.014,0.0
1051,m50_n25,0.1,Dolphyin,s16,1,0.015,0.0
1052,m50_n25,0.1,Dolphyin,s16,2,0.014,0.0
1053,m50_n25,0.1,Dolphyin,s16,3,0.014,0.0
1054,m50_n25,0.1,Dolphyin,s16,4,0.014,0.0
1055,m50_n25,0.1,Dolphyin,s16,5,0.015,0.0
1056,m50_n25,0.1,Dolphyin,s16,6,0.015,0.0
1057,m50_n25,0.1,Dolphyin,s16,7,0.015,0.0
1058,m50_n25,0.1,Dolphyin,s16,8,0.017,0.0
1059,m50_n25,0.1,Dolphyin,s16,9,0.014,0.0
1060,m50_n25,0.2,Dolphyin,s16,0,0.014,0.0
1061,m50_n25,0.2,Dolphyin,s16,1,0.014,0.0
1062,m50_n25,0.2,Dolphyin,s16,2,0.014,0.0
1063,m50_n25,0.2,Dolphyin,s16,3,0.015,0.0
1064,m50_n25,0.2,Dolphyin,s16,4,0.014,0.0
1065,m50_n25,0.2,Dolphyin,s16,5,0.013,0.0
1066,m50_n25,0.2,Dolphyin,s16,6,0.014,0.0
1067,m50_n25,0.2,Dolphyin,s16,7,0.015,0.0
1068,m50_n25,0.2,Dolphyin,s16,8,0.013,0.0
1069,m50_n25,0.2,Dolphyin,s16,9,0.014,0.0
1070,m50_n25,0.4,Dolphyin,s16,0,0.013,0.0
1071,m50_n25,0.4,Dolphyin,s16,1,0.013,0.0
1072,m50_n25,0.4,Dolphyin,s16,2,0.013,0.0
1073,m50_n25,0.4,Dolphyin,s16,3,0.013,0.0
1074,m50_n25,0.4,Dolphyin,s16,4,0.013,0.0
1075,m50_n25,0.4,Dolphyin,s16,5,0.013,0.0
1076,m50_n25,0.4,Dolphyin,s16,6,0.013,0.0
1077,m50_n25,0.4,Dolphyin,s16,7,0.013,0.0
1078,m50_n25,0.4,Dolphyin,s16,8,0.012,0.0
1079,m50_n25,0.4,Dolphyin,s16,9,0.014,0.0
1080,m50_n25,0.1,Dolphyin,s17,0,0.087,-1.0
1081,m50_n25,0.1,Dolphyin,s17,1,0.016,0.0118662
1082,m50_n25,0.1,Dolphyin,s17,2,0.057,0.03452
1083,m50_n25,0.1,Dolphyin,s17,3,0.016,0.0409924
1084,m50_n25,0.1,Dolphyin,s17,4,0.017,0.0291262
1085,m50_n25,0.1,Dolphyin,s17,5,0.015,0.0237325
1086,m50_n25,0.1,Dolphyin,s17,6,0.048,0.0323625
1087,m50_n25,0.1,Dolphyin,s17,7,0.064,0.0291262
1088,m50_n25,0.1,Dolphyin,s17,8,0.068,0.0355987
1089,m50_n25,0.1,Dolphyin,s17,9,0.044,0.00970874
1090,m50_n25,0.2,Dolphyin,s17,0,0.065,0.0
1091,m50_n25,0.2,Dolphyin,s17,1,0.067,0.0
1092,m50_n25,0.2,Dolphyin,s17,2,0.065,0.0
1093,m50_n25,0.2,Dolphyin,s17,3,0.066,0.0
1094,m50_n25,0.2,Dolphyin,s17,4,0.065,0.0
1095,m50_n25,0.2,Dolphyin,s17,5,0.063,0.0
1096,m50_n25,0.2,Dolphyin,s17,6,0.063,0.0
1097,m50_n25,0.2,Dolphyin,s17,7,0.063,0.0
1098,m50_n25,0.2,Dolphyin,s17,8,0.065,0.0
1099,m50_n25,0.2,Dolphyin,s17,9,0.063,0.0
1100,m50_n25,0.4,Dolphyin,s17,0,0.014,0.0184582
1101,m50_n25,0.4,Dolphyin,s17,1,0.016,0.0152009
1102,m50_n25,0.4,Dolphyin,s17,2,0.016,0.0162866
1103,m50_n25,0.4,Dolphyin,s17,3,0.016,0.0477742
1104,m50_n25,0.4,Dolphyin,s17,4,0.016,0.0184582
1105,m50_n25,0.4,Dolphyin,s17,5,0.016,0.0445168
1106,m50_n25,0.4,Dolphyin,s17,6,0.013,0.0184582
1107,m50_n25,0.4,Dolphyin,s17,7,0.017,0.00542888
1108,m50_n25,0.4,Dolphyin,s17,8,0.017,0.0184582
1109,m50_n25,0.4,Dolphyin,s17,9,0.014,0.0162866
1110,m50_n25,0.1,Dolphyin,s18,0,0.03,0.0
1111,m50_n25,0.1,Dolphyin,s18,1,0.03,0.0
1112,m50_n25,0.1,Dolphyin,s18,2,0.03,0.0
1113,m50_n25,0.1,Dolphyin,s18,3,0.03,0.0
1114,m50_n25,0.1,Dolphyin,s18,4,0.03,0.0
1115,m50_n25,0.1,Dolphyin,s18,5,0.028,0.0
1116,m50_n25,0.1,Dolphyin,s18,6,0.028,0.0
1117,m50_n25,0.1,Dolphyin,s18,7,0.031,0.0
1118,m50_n25,0.1,Dolphyin,s18,8,0.029,0.0
1119,m50_n25,0.1,Dolphyin,s18,9,0.029,0.0
1120,m50_n25,0.2,Dolphyin,s18,0,0.03,0.0
1121,m50_n25,0.2,Dolphyin,s18,1,0.029,0.0
1122,m50_n25,0.2,Dolphyin,s18,2,0.029,0.0
1123,m50_n25,0.2,Dolphyin,s18,3,0.029,0.0
1124,m50_n25,0.2,Dolphyin,s18,4,0.029,0.0
1125,m50_n25,0.2,Dolphyin,s18,5,0.029,0.0
1126,m50_n25,0.2,Dolphyin,s18,6,0.029,0.0
1127,m50_n25,0.2,Dolphyin,s18,7,0.029,0.0
1128,m50_n25,0.2,Dolphyin,s18,8,0.029,0.0
1129,m50_n25,0.2,Dolphyin,s18,9,0.03,0.0
1130,m50_n25,0.4,Dolphyin,s18,0,0.039,0.0
1131,m50_n25,0.4,Dolphyin,s18,1,0.037,0.0
1132,m50_n25,0.4,Dolphyin,s18,2,0.034,0.0
1133,m50_n25,0.4,Dolphyin,s18,3,0.033,0.0
1134,m50_n25,0.4,Dolphyin,s18,4,0.033,0.0
1135,m50_n25,0.4,Dolphyin,s18,5,0.037,0.0
1136,m50_n25,0.4,Dolphyin,s18,6,0.038,0.0
1137,m50_n25,0.4,Dolphyin,s18,7,0.037,0.0
1138,m50_n25,0.4,Dolphyin,s18,8,0.038,0.0
1139,m50_n25,0.4,Dolphyin,s18,9,0.039,0.0
1140,m50_n25,0.1,Dolphyin,s19,0,0.04,0.0160481
1141,m50_n25,0.1,Dolphyin,s19,1,0.017,0.00902708
1142,m50_n25,0.1,Dolphyin,s19,2,0.017,0.00902708
1143,m50_n25,0.1,Dolphyin,s19,3,0.017,0.00802407
1144,m50_n25,0.1,Dolphyin,s19,4,0.017,0.0100301
1145,m50_n25,0.1,Dolphyin,s19,5,0.061,0.0160481
1146,m50_n25,0.1,Dolphyin,s19,6,0.015,0.0190572
1147,m50_n25,0.1,Dolphyin,s19,7,0.017,0.0150451
1148,m50_n25,0.1,Dolphyin,s19,8,0.015,0.0110331
1149,m50_n25,0.1,Dolphyin,s19,9,0.045,0.0110331
1150,m50_n25,0.2,Dolphyin,s19,0,0.017,0.0277778
1151,m50_n25,0.2,Dolphyin,s19,1,0.017,0.0257937
1152,m50_n25,0.2,Dolphyin,s19,2,0.018,0.031746
1153,m50_n25,0.2,Dolphyin,s19,3,0.015,0.0287698
1154,m50_n25,0.2,Dolphyin,s19,4,0.016,0.031746
1155,m50_n25,0.2,Dolphyin,s19,5,0.017,0.031746
1156,m50_n25,0.2,Dolphyin,s19,6,0.044,0.0456349
1157,m50_n25,0.2,Dolphyin,s19,7,0.018,0.031746
1158,m50_n25,0.2,Dolphyin,s19,8,0.016,0.0327381
1159,m50_n25,0.2,Dolphyin,s19,9,0.016,0.0267857
1160,m50_n25,0.4,Dolphyin,s19,0,0.061,0.0
1161,m50_n25,0.4,Dolphyin,s19,1,0.059,0.0
1162,m50_n25,0.4,Dolphyin,s19,2,0.061,0.0
1163,m50_n25,0.4,Dolphyin,s19,3,0.064,0.0
1164,m50_n25,0.4,Dolphyin,s19,4,0.073,0.0
1165,m50_n25,0.4,Dolphyin,s19,5,0.069,0.0
1166,m50_n25,0.4,Dolphyin,s19,6,0.067,0.0
1167,m50_n25,0.4,Dolphyin,s19,7,0.066,0.0
1168,m50_n25,0.4,Dolphyin,s19,8,0.066,0.0
1169,m50_n25,0.4,Dolphyin,s19,9,0.064,0.0
1170,m50_n25,0.1,Dolphyin,s20,0,0.018,0.0276923
1171,m50_n25,0.1,Dolphyin,s20,1,0.079,0.0266667
1172,m50_n25,0.1,Dolphyin,s20,2,0.019,0.0276923
1173,m50_n25,0.1,Dolphyin,s20,3,0.019,0.0338462
1174,m50_n25,0.1,Dolphyin,s20,4,0.088,0.014359
1175,m50_n25,0.1,Dolphyin,s20,5,0.019,0.0235897
1176,m50_n25,0.1,Dolphyin,s20,6,0.016,0.0164103
1177,m50_n25,0.1,Dolphyin,s20,7,0.019,0.025641
1178,m50_n25,0.1,Dolphyin,s20,8,0.017,0.0276923
1179,m50_n25,0.1,Dolphyin,s20,9,0.019,0.0276923
1180,m50_n25,0.2,Dolphyin,s20,0,0.015,0.0
1181,m50_n25,0.2,Dolphyin,s20,1,0.015,0.0
1182,m50_n25,0.2,Dolphyin,s20,2,0.015,0.0
1183,m50_n25,0.2,Dolphyin,s20,3,0.017,0.0
1184,m50_n25,0.2,Dolphyin,s20,4,0.015,0.0
1185,m50_n25,0.2,Dolphyin,s20,5,0.015,0.0
1186,m50_n25,0.2,Dolphyin,s20,6,0.015,0.0
1187,m50_n25,0.2,Dolphyin,s20,7,0.013,0.0
1188,m50_n25,0.2,Dolphyin,s20,8,0.015,0.0
1189,m50_n25,0.2,Dolphyin,s20,9,0.014,0.0
1190,m50_n25,0.4,Dolphyin,s20,0,0.019,0.0255906
1191,m50_n25,0.4,Dolphyin,s20,1,0.019,0.0393701
1192,m50_n25,0.4,Dolphyin,s20,2,0.019,0.0334646
1193,m50_n25,0.4,Dolphyin,s20,3,0.019,0.015748
1194,m50_n25,0.4,Dolphyin,s20,4,0.016,0.0177165
1195,m50_n25,0.4,Dolphyin,s20,5,0.017,0.0501969
1196,m50_n25,0.4,Dolphyin,s20,6,0.019,0.0393701
1197,m50_n25,0.4,Dolphyin,s20,7,0.017,0.015748
1198,m50_n25,0.4,Dolphyin,s20,8,0.02,0.0147638
1199,m50_n25,0.4,Dolphyin,s20,9,0.018,0.0305118
1200,m100_n25,0.1,Dolphyin,s1,0,0.027,0.0623318
1201,m100_n25,0.1,Dolphyin,s1,1,0.028,0.0825112
1202,m100_n25,0.1,Dolphyin,s1,2,0.023,0.0547085
1203,m100_n25,0.1,Dolphyin,s1,3,0.027,0.0636771
1204,m100_n25,0.1,Dolphyin,s1,4,0.028,0.0623318
1205,m100_n25,0.1,Dolphyin,s1,5,0.026,0.0820628
1206,m100_n25,0.1,Dolphyin,s1,6,0.027,0.0847534
1207,m100_n25,0.1,Dolphyin,s1,7,0.027,0.0865471
1208,m100_n25,0.1,Dolphyin,s1,8,0.027,0.0636771
1209,m100_n25,0.1,Dolphyin,s1,9,0.028,0.0941704
1210,m100_n25,0.2,Dolphyin,s1,0,0.062,0.0
1211,m100_n25,0.2,Dolphyin,s1,1,0.061,0.0
1212,m100_n25,0.2,Dolphyin,s1,2,0.061,0.0
1213,m100_n25,0.2,Dolphyin,s1,3,0.062,0.0
1214,m100_n25,0.2,Dolphyin,s1,4,0.062,0.0
1215,m100_n25,0.2,Dolphyin,s1,5,0.061,0.0
1216,m100_n25,0.2,Dolphyin,s1,6,0.066,0.0
1217,m100_n25,0.2,Dolphyin,s1,7,0.06,0.0
1218,m100_n25,0.2,Dolphyin,s1,8,0.061,0.0
1219,m100_n25,0.2,Dolphyin,s1,9,0.06,0.0
1220,m100_n25,0.4,Dolphyin,s1,0,0.053,0.0
1221,m100_n25,0.4,Dolphyin,s1,1,0.052,0.0
1222,m100_n25,0.4,Dolphyin,s1,2,0.052,0.0
1223,m100_n25,0.4,Dolphyin,s1,3,0.054,0.0
1224,m100_n25,0.4,Dolphyin,s1,4,0.052,0.0
1225,m100_n25,0.4,Dolphyin,s1,5,0.053,0.0
1226,m100_n25,0.4,Dolphyin,s1,6,0.051,0.0
1227,m100_n25,0.4,Dolphyin,s1,7,0.051,0.0
1228,m100_n25,0.4,Dolphyin,s1,8,0.053,0.0
1229,m100_n25,0.4,Dolphyin,s1,9,0.053,0.0
1230,m100_n25,0.1,Dolphyin,s2,0,0.113,0.0
1231,m100_n25,0.1,Dolphyin,s2,1,0.112,0.0
1232,m100_n25,0.1,Dolphyin,s2,2,0.113,0.0
1233,m100_n25,0.1,Dolphyin,s2,3,0.112,0.0
1234,m100_n25,0.1,Dolphyin,s2,4,0.114,0.0
1235,m100_n25,0.1,Dolphyin,s2,5,0.109,0.0
1236,m100_n25,0.1,Dolphyin,s2,6,0.112,0.0
1237,m100_n25,0.1,Dolphyin,s2,7,0.11,0.0
1238,m100_n25,0.1,Dolphyin,s2,8,0.111,0.0
1239,m100_n25,0.1,Dolphyin,s2,9,0.109,0.0
1240,m100_n25,0.2,Dolphyin,s2,0,0.08,0.0
1241,m100_n25,0.2,Dolphyin,s2,1,0.074,0.0
1242,m100_n25,0.2,Dolphyin,s2,2,0.071,0.0
1243,m100_n25,0.2,Dolphyin,s2,3,0.07,0.0
1244,m100_n25,0.2,Dolphyin,s2,4,0.071,0.0
1245,m100_n25,0.2,Dolphyin,s2,5,0.082,0.0
1246,m100_n25,0.2,Dolphyin,s2,6,0.084,0.0
1247,m100_n25,0.2,Dolphyin,s2,7,0.086,0.0
1248,m100_n25,0.2,Dolphyin,s2,8,0.082,0.0
1249,m100_n25,0.2,Dolphyin,s2,9,0.084,0.0
1250,m100_n25,0.4,Dolphyin,s2,0,0.095,0.0726516
1251,m100_n25,0.4,Dolphyin,s2,1,0.036,0.0518279
1252,m100_n25,0.4,Dolphyin,s2,2,0.031,0.14808
1253,m100_n25,0.4,Dolphyin,s2,3,0.441,0.0425729
1254,m100_n25,0.4,Dolphyin,s2,4,0.037,0.146691
1255,m100_n25,0.4,Dolphyin,s2,5,0.038,0.136048
1256,m100_n25,0.4,Dolphyin,s2,6,0.081,0.077279
1257,m100_n25,0.4,Dolphyin,s2,7,0.036,0.142989
1258,m100_n25,0.4,Dolphyin,s2,8,0.143,0.112448
1259,m100_n25,0.4,Dolphyin,s2,9,0.034,0.142989
1260,m100_n25,0.1,Dolphyin,s3,0,0.045,0.0512821
1261,m100_n25,0.1,Dolphyin,s3,1,0.027,0.016449
1262,m100_n25,0.1,Dolphyin,s3,2,0.033,0.0159652
1263,m100_n25,0.1,Dolphyin,s3,3,0.034,0.0333817
1264,m100_n25,0.1,Dolphyin,s3,4,0.029,0.0270924
1265,m100_n25,0.1,Dolphyin,s3,5,0.028,0.0101597
1266,m100_n25,0.1,Dolphyin,s3,6,0.032,0.0174165
1267,m100_n25,0.1,Dolphyin,s3,7,0.032,0.0295114
1268,m100_n25,0.1,Dolphyin,s3,8,0.033,0.0333817
1269,m100_n25,0.1,Dolphyin,s3,9,0.027,0.0314465
1270,m100_n25,0.2,Dolphyin,s3,0,0.17,0.0908217
1271,m100_n25,0.2,Dolphyin,s3,1,0.032,0.0547814
1272,m100_n25,0.2,Dolphyin,s3,2,0.032,0.0360404
1273,m100_n25,0.2,Dolphyin,s3,3,0.031,0.00864969
1274,m100_n25,0.2,Dolphyin,s3,4,0.032,0.0408457
1275,m100_n25,0.2,Dolphyin,s3,5,0.158,0.0543008
1276,m100_n25,0.2,Dolphyin,s3,6,0.038,0.0418068
1277,m100_n25,0.2,Dolphyin,s3,7,0.206,0.0672753
1278,m100_n25,0.2,Dolphyin,s3,8,0.031,0.031235
1279,m100_n25,0.2,Dolphyin,s3,9,0.124,0.0394041
1280,m100_n25,0.4,Dolphyin,s3,0,0.061,0.0
1281,m100_n25,0.4,Dolphyin,s3,1,0.066,0.0
1282,m100_n25,0.4,Dolphyin,s3,2,0.057,0.0
1283,m100_n25,0.4,Dolphyin,s3,3,0.057,0.0
1284,m100_n25,0.4,Dolphyin,s3,4,0.056,0.0
1285,m100_n25,0.4,Dolphyin,s3,5,0.056,0.0
1286,m100_n25,0.4,Dolphyin,s3,6,0.057,0.0
1287,m100_n25,0.4,Dolphyin,s3,7,0.056,0.0
1288,m100_n25,0.4,Dolphyin,s3,8,0.056,0.0
1289,m100_n25,0.4,Dolphyin,s3,9,0.057,0.0
1290,m100_n25,0.1,Dolphyin,s4,0,0.038,0.153023
1291,m100_n25,0.1,Dolphyin,s4,1,3.44,0.181915
1292,m100_n25,0.1,Dolphyin,s4,2,0.045,0.151953
1293,m100_n25,0.1,Dolphyin,s4,3,0.045,0.154093
1294,m100_n25,0.1,Dolphyin,s4,4,0.04,0.187266
1295,m100_n25,0.1,Dolphyin,s4,5,0.043,0.103264
1296,m100_n25,0.1,Dolphyin,s4,6,0.037,0.11557
1297,m100_n25,0.1,Dolphyin,s4,7,0.376,0.124666
1298,m100_n25,0.1,Dolphyin,s4,8,0.336,0.1145
1299,m100_n25,0.1,Dolphyin,s4,9,0.038,0.133761
1300,m100_n25,0.2,Dolphyin,s4,0,0.044,0.154579
1301,m100_n25,0.2,Dolphyin,s4,1,0.473,0.0804659
1302,m100_n25,0.2,Dolphyin,s4,2,0.046,0.100053
1303,m100_n25,0.2,Dolphyin,s4,3,0.042,0.113817
1304,m100_n25,0.2,Dolphyin,s4,4,0.366,0.093171
1305,m100_n25,0.2,Dolphyin,s4,5,0.35,0.0968767
1306,m100_n25,0.2,Dolphyin,s4,6,0.038,0.182107
1307,m100_n25,0.2,Dolphyin,s4,7,0.356,0.0868184
1308,m100_n25,0.2,Dolphyin,s4,8,0.039,0.189518
1309,m100_n25,0.2,Dolphyin,s4,9,0.038,0.121228
1310,m100_n25,0.4,Dolphyin,s4,0,1.104,0.102669
1311,m100_n25,0.4,Dolphyin,s4,1,0.322,0.0492813
1312,m100_n25,0.4,Dolphyin,s4,2,0.24,0.0805955
1313,m100_n25,0.4,Dolphyin,s4,3,0.435,0.0682752
1314,m100_n25,0.4,Dolphyin,s4,4,0.357,0.158624
1315,m100_n25,0.4,Dolphyin,s4,5,0.317,0.120637
1316,m100_n25,0.4,Dolphyin,s4,6,0.309,0.0477413
1317,m100_n25,0.4,Dolphyin,s4,7,0.054,0.0934292
1318,m100_n25,0.4,Dolphyin,s4,8,0.386,0.12269
1319,m100_n25,0.4,Dolphyin,s4,9,0.041,0.185318
1320,m100_n25,0.1,Dolphyin,s5,0,0.076,0.0780977
1321,m100_n25,0.1,Dolphyin,s5,1,0.027,0.0575916
1322,m100_n25,0.1,Dolphyin,s5,2,0.027,0.0510471
1323,m100_n25,0.1,Dolphyin,s5,3,0.029,0.0671902
1324,m100_n25,0.1,Dolphyin,s5,4,0.029,0.0964223
1325,m100_n25,0.1,Dolphyin,s5,5,0.027,0.109511
1326,m100_n25,0.1,Dolphyin,s5,6,0.076,0.10733
1327,m100_n25,0.1,Dolphyin,s5,7,0.026,0.0628272
1328,m100_n25,0.1,Dolphyin,s5,8,0.026,0.0357766
1329,m100_n25,0.1,Dolphyin,s5,9,0.026,0.0772251
1330,m100_n25,0.2,Dolphyin,s5,0,0.029,0.0353095
1331,m100_n25,0.2,Dolphyin,s5,1,0.027,0.0810811
1332,m100_n25,0.2,Dolphyin,s5,2,0.029,0.142546
1333,m100_n25,0.2,Dolphyin,s5,3,0.028,0.0863121
1334,m100_n25,0.2,Dolphyin,s5,4,0.025,0.0448997
1335,m100_n25,0.2,Dolphyin,s5,5,0.057,0.0231037
1336,m100_n25,0.2,Dolphyin,s5,6,0.028,0.0510026
1337,m100_n25,0.2,Dolphyin,s5,7,0.029,0.116391
1338,m100_n25,0.2,Dolphyin,s5,8,0.027,0.0745423
1339,m100_n25,0.2,Dolphyin,s5,9,0.027,0.0723627
1340,m100_n25,0.4,Dolphyin,s5,0,0.03,0.0
1341,m100_n25,0.4,Dolphyin,s5,1,0.028,0.0
1342,m100_n25,0.4,Dolphyin,s5,2,0.03,0.0
1343,m100_n25,0.4,Dolphyin,s5,3,0.028,0.0
1344,m100_n25,0.4,Dolphyin,s5,4,0.029,0.0
1345,m100_n25,0.4,Dolphyin,s5,5,0.03,0.0
1346,m100_n25,0.4,Dolphyin,s5,6,0.031,0.0
1347,m100_n25,0.4,Dolphyin,s5,7,0.029,0.0
1348,m100_n25,0.4,Dolphyin,s5,8,0.029,0.0
1349,m100_n25,0.4,Dolphyin,s5,9,0.029,0.0
1350,m100_n25,0.1,Dolphyin,s6,0,0.036,0.107051
1351,m100_n25,0.1,Dolphyin,s6,1,0.036,0.0720535
1352,m100_n25,0.1,Dolphyin,s6,2,0.036,0.0741122
1353,m100_n25,0.1,Dolphyin,s6,3,0.036,0.122491
1354,m100_n25,0.1,Dolphyin,s6,4,0.035,0.0725682
1355,m100_n25,0.1,Dolphyin,s6,5,0.033,0.10036
1356,m100_n25,0.1,Dolphyin,s6,6,0.032,0.0483788
1357,m100_n25,0.1,Dolphyin,s6,7,0.034,0.119403
1358,m100_n25,0.1,Dolphyin,s6,8,0.033,0.0983016
1359,m100_n25,0.1,Dolphyin,s6,9,0.038,0.0622748
1360,m100_n25,0.2,Dolphyin,s6,0,0.028,0.047619
1361,m100_n25,0.2,Dolphyin,s6,1,0.031,0.114787
1362,m100_n25,0.2,Dolphyin,s6,2,0.032,0.0957393
1363,m100_n25,0.2,Dolphyin,s6,3,0.141,0.0566416
1364,m100_n25,0.2,Dolphyin,s6,4,0.031,0.0837093
1365,m100_n25,0.2,Dolphyin,s6,5,0.033,0.0496241
1366,m100_n25,0.2,Dolphyin,s6,6,0.16,0.0837093
1367,m100_n25,0.2,Dolphyin,s6,7,0.031,0.0566416
1368,m100_n25,0.2,Dolphyin,s6,8,0.036,0.0606516
1369,m100_n25,0.2,Dolphyin,s6,9,0.034,0.0922306
1370,m100_n25,0.4,Dolphyin,s6,0,0.027,0.0484791
1371,m100_n25,0.4,Dolphyin,s6,1,0.143,0.0860266
1372,m100_n25,0.4,Dolphyin,s6,2,0.088,0.0446768
1373,m100_n25,0.4,Dolphyin,s6,3,0.094,0.0442015
1374,m100_n25,0.4,Dolphyin,s6,4,0.025,0.0641635
1375,m100_n25,0.4,Dolphyin,s6,5,0.03,0.0342205
1376,m100_n25,0.4,Dolphyin,s6,6,0.102,0.0475285
1377,m100_n25,0.4,Dolphyin,s6,7,0.168,0.0646388
1378,m100_n25,0.4,Dolphyin,s6,8,0.096,0.0646388
1379,m100_n25,0.4,Dolphyin,s6,9,0.17,-1.0
1380,m100_n25,0.1,Dolphyin,s7,0,0.033,0.0182328
1381,m100_n25,0.1,Dolphyin,s7,1,0.03,0.0416082
1382,m100_n25,0.1,Dolphyin,s7,2,0.142,0.118747
1383,m100_n25,0.1,Dolphyin,s7,3,0.198,0.0705937
1384,m100_n25,0.1,Dolphyin,s7,4,0.029,0.0210379
1385,m100_n25,0.1,Dolphyin,s7,5,0.155,0.0322581
1386,m100_n25,0.1,Dolphyin,s7,6,1.623,-1.0
1387,m100_n25,0.1,Dolphyin,s7,7,0.029,0.0182328
1388,m100_n25,0.1,Dolphyin,s7,8,0.099,0.0261805
1389,m100_n25,0.1,Dolphyin,s7,9,0.22,0.0374007
1390,m100_n25,0.2,Dolphyin,s7,0,0.029,0.0175845
1391,m100_n25,0.2,Dolphyin,s7,1,0.028,0.0300787
1392,m100_n25,0.2,Dolphyin,s7,2,0.032,0.0300787
1393,m100_n25,0.2,Dolphyin,s7,3,0.101,0.0226747
1394,m100_n25,0.2,Dolphyin,s7,4,0.031,0.0175845
1395,m100_n25,0.2,Dolphyin,s7,5,0.028,0.0180472
1396,m100_n25,0.2,Dolphyin,s7,6,0.027,0.0180472
1397,m100_n25,0.2,Dolphyin,s7,7,0.027,0.0143452
1398,m100_n25,0.2,Dolphyin,s7,8,0.541,0.0259139
1399,m100_n25,0.2,Dolphyin,s7,9,0.369,0.0254512
1400,m100_n25,0.4,Dolphyin,s7,0,0.075,0.0
1401,m100_n25,0.4,Dolphyin,s7,1,0.072,0.0
1402,m100_n25,0.4,Dolphyin,s7,2,0.073,0.0
1403,m100_n25,0.4,Dolphyin,s7,3,0.073,0.0
1404,m100_n25,0.4,Dolphyin,s7,4,0.075,0.0
1405,m100_n25,0.4,Dolphyin,s7,5,0.083,0.0
1406,m100_n25,0.4,Dolphyin,s7,6,0.08,0.0
1407,m100_n25,0.4,Dolphyin,s7,7,0.082,0.0
1408,m100_n25,0.4,Dolphyin,s7,8,0.082,0.0
1409,m100_n25,0.4,Dolphyin,s7,9,0.081,0.0
1410,m100_n25,0.1,Dolphyin,s8,0,0.044,0.0340748
1411,m100_n25,0.1,Dolphyin,s8,1,0.034,0.0383341
1412,m100_n25,0.1,Dolphyin,s8,2,0.034,0.0477993
1413,m100_n25,0.1,Dolphyin,s8,3,0.032,0.0397539
1414,m100_n25,0.1,Dolphyin,s8,4,0.035,0.0397539
1415,m100_n25,0.1,Dolphyin,s8,5,0.037,0.034548
1416,m100_n25,0.1,Dolphyin,s8,6,0.034,0.0354946
1417,m100_n25,0.1,Dolphyin,s8,7,0.033,0.04354
1418,m100_n25,0.1,Dolphyin,s8,8,0.033,0.0388074
1419,m100_n25,0.1,Dolphyin,s8,9,0.034,0.0378609
1420,m100_n25,0.2,Dolphyin,s8,0,0.127,0.0754361
1421,m100_n25,0.2,Dolphyin,s8,1,0.042,0.0966525
1422,m100_n25,0.2,Dolphyin,s8,2,0.04,0.0777935
1423,m100_n25,0.2,Dolphyin,s8,3,0.038,0.0895804
1424,m100_n25,0.2,Dolphyin,s8,4,0.118,0.0834512
1425,m100_n25,0.2,Dolphyin,s8,5,0.039,0.087223
1426,m100_n25,0.2,Dolphyin,s8,6,0.038,0.0490335
1427,m100_n25,0.2,Dolphyin,s8,7,0.038,0.0707214
1428,m100_n25,0.2,Dolphyin,s8,8,0.038,0.198491
1429,m100_n25,0.2,Dolphyin,s8,9,0.038,0.123998
1430,m100_n25,0.4,Dolphyin,s8,0,0.026,0.0566123
1431,m100_n25,0.4,Dolphyin,s8,1,0.032,0.0439312
1432,m100_n25,0.4,Dolphyin,s8,2,0.03,0.040308
1433,m100_n25,0.4,Dolphyin,s8,3,0.029,0.0298913
1434,m100_n25,0.4,Dolphyin,s8,4,0.03,0.0398551
1435,m100_n25,0.4,Dolphyin,s8,5,0.029,0.0394022
1436,m100_n25,0.4,Dolphyin,s8,6,0.027,0.0253623
1437,m100_n25,0.4,Dolphyin,s8,7,0.024,0.0430254
1438,m100_n25,0.4,Dolphyin,s8,8,0.029,0.0457428
1439,m100_n25,0.4,Dolphyin,s8,9,0.029,0.0398551
1440,m100_n25,0.1,Dolphyin,s9,0,0.023,0.0
1441,m100_n25,0.1,Dolphyin,s9,1,0.023,0.0
1442,m100_n25,0.1,Dolphyin,s9,2,0.024,0.0
1443,m100_n25,0.1,Dolphyin,s9,3,0.023,0.0
1444,m100_n25,0.1,Dolphyin,s9,4,0.023,0.0
1445,m100_n25,0.1,Dolphyin,s9,5,0.023,0.0
1446,m100_n25,0.1,Dolphyin,s9,6,0.023,0.0
1447,m100_n25,0.1,Dolphyin,s9,7,0.022,0.0
1448,m100_n25,0.1,Dolphyin,s9,8,0.022,0.0
1449,m100_n25,0.1,Dolphyin,s9,9,0.022,0.0
1450,m100_n25,0.2,Dolphyin,s9,0,0.046,0.0108366
1451,m100_n25,0.2,Dolphyin,s9,1,0.078,0.00346771
1452,m100_n25,0.2,Dolphyin,s9,2,0.051,0.00910273
1453,m100_n25,0.2,Dolphyin,s9,3,0.046,0.00953619
1454,m100_n25,0.2,Dolphyin,s9,4,0.054,0.00390117
1455,m100_n25,0.2,Dolphyin,s9,5,0.042,0.00866927
1456,m100_n25,0.2,Dolphyin,s9,6,0.047,0.0134374
1457,m100_n25,0.2,Dolphyin,s9,7,0.066,0.012137
1458,m100_n25,0.2,Dolphyin,s9,8,0.344,0.0117035
1459,m100_n25,0.2,Dolphyin,s9,9,0.054,0.00910273
1460,m100_n25,0.4,Dolphyin,s9,0,0.041,0.0
1461,m100_n25,0.4,Dolphyin,s9,1,0.042,0.0
1462,m100_n25,0.4,Dolphyin,s9,2,0.041,0.0
1463,m100_n25,0.4,Dolphyin,s9,3,0.041,0.0
1464,m100_n25,0.4,Dolphyin,s9,4,0.041,0.0
1465,m100_n25,0.4,Dolphyin,s9,5,0.038,0.0
1466,m100_n25,0.4,Dolphyin,s9,6,0.044,0.0
1467,m100_n25,0.4,Dolphyin,s9,7,0.041,0.0
1468,m100_n25,0.4,Dolphyin,s9,8,0.038,0.0
1469,m100_n25,0.4,Dolphyin,s9,9,0.038,0.0
1470,m100_n25,0.1,Dolphyin,s10,0,0.035,0.0317972
1471,m100_n25,0.1,Dolphyin,s10,1,0.029,0.0276498
1472,m100_n25,0.1,Dolphyin,s10,2,0.032,0.109677
1473,m100_n25,0.1,Dolphyin,s10,3,0.034,0.059447
1474,m100_n25,0.1,Dolphyin,s10,4,0.037,0.0317972
1475,m100_n25,0.1,Dolphyin,s10,5,0.033,0.0317972
1476,m100_n25,0.1,Dolphyin,s10,6,0.032,0.0248848
1477,m100_n25,0.1,Dolphyin,s10,7,0.033,0.035023
1478,m100_n25,0.1,Dolphyin,s10,8,0.028,0.0248848
1479,m100_n25,0.1,Dolphyin,s10,9,0.151,0.035023
1480,m100_n25,0.2,Dolphyin,s10,0,0.029,0.0518953
1481,m100_n25,0.2,Dolphyin,s10,1,0.03,0.0437726
1482,m100_n25,0.2,Dolphyin,s10,2,0.026,0.0293321
1483,m100_n25,0.2,Dolphyin,s10,3,0.027,0.0279783
1484,m100_n25,0.2,Dolphyin,s10,4,0.027,0.023917
1485,m100_n25,0.2,Dolphyin,s10,5,0.131,0.0135379
1486,m100_n25,0.2,Dolphyin,s10,6,0.132,0.0356498
1487,m100_n25,0.2,Dolphyin,s10,7,0.133,0.025722
1488,m100_n25,0.2,Dolphyin,s10,8,0.033,0.0442238
1489,m100_n25,0.2,Dolphyin,s10,9,0.029,0.0198556
1490,m100_n25,0.4,Dolphyin,s10,0,0.025,0.0
1491,m100_n25,0.4,Dolphyin,s10,1,0.027,0.0
1492,m100_n25,0.4,Dolphyin,s10,2,0.027,0.0
1493,m100_n25,0.4,Dolphyin,s10,3,0.029,0.0
1494,m100_n25,0.4,Dolphyin,s10,4,0.03,0.0
1495,m100_n25,0.4,Dolphyin,s10,5,0.027,0.0
1496,m100_n25,0.4,Dolphyin,s10,6,0.03,0.0
1497,m100_n25,0.4,Dolphyin,s10,7,0.027,0.0
1498,m100_n25,0.4,Dolphyin,s10,8,0.026,0.0
1499,m100_n25,0.4,Dolphyin,s10,9,0.027,0.0
1500,m100_n25,0.1,Dolphyin,s11,0,0.078,0.0
1501,m100_n25,0.1,Dolphyin,s11,1,0.078,0.0
1502,m100_n25,0.1,Dolphyin,s11,2,0.08,0.0
1503,m100_n25,0.1,Dolphyin,s11,3,0.079,0.0
1504,m100_n25,0.1,Dolphyin,s11,4,0.081,0.0
1505,m100_n25,0.1,Dolphyin,s11,5,0.074,0.0
1506,m100_n25,0.1,Dolphyin,s11,6,0.091,0.0
1507,m100_n25,0.1,Dolphyin,s11,7,0.085,0.0
1508,m100_n25,0.1,Dolphyin,s11,8,0.077,0.0
1509,m100_n25,0.1,Dolphyin,s11,9,0.075,0.0
1510,m100_n25,0.2,Dolphyin,s11,0,0.046,0.0616311
1511,m100_n25,0.2,Dolphyin,s11,1,0.024,0.07924
1512,m100_n25,0.2,Dolphyin,s11,2,0.084,0.0505097
1513,m100_n25,0.2,Dolphyin,s11,3,0.076,0.0379981
1514,m100_n25,0.2,Dolphyin,s11,4,0.06,0.0417053
1515,m100_n25,0.2,Dolphyin,s11,5,0.118,0.0384615
1516,m100_n25,0.2,Dolphyin,s11,6,0.077,0.10241
1517,m100_n25,0.2,Dolphyin,s11,7,0.056,0.0607044
1518,m100_n25,0.2,Dolphyin,s11,8,0.119,0.0430955
1519,m100_n25,0.2,Dolphyin,s11,9,0.102,-1.0
1520,m100_n25,0.4,Dolphyin,s11,0,0.059,0.0
1521,m100_n25,0.4,Dolphyin,s11,1,0.066,0.0
1522,m100_n25,0.4,Dolphyin,s11,2,0.058,0.0
1523,m100_n25,0.4,Dolphyin,s11,3,0.063,0.0
1524,m100_n25,0.4,Dolphyin,s11,4,0.069,0.0
1525,m100_n25,0.4,Dolphyin,s11,5,0.064,0.0
1526,m100_n25,0.4,Dolphyin,s11,6,0.064,0.0
1527,m100_n25,0.4,Dolphyin,s11,7,0.067,0.0
1528,m100_n25,0.4,Dolphyin,s11,8,0.066,0.0
1529,m100_n25,0.4,Dolphyin,s11,9,0.067,0.0
1530,m100_n25,0.1,Dolphyin,s12,0,0.031,0.022182
1531,m100_n25,0.1,Dolphyin,s12,1,0.032,0.022182
1532,m100_n25,0.1,Dolphyin,s12,2,0.029,0.022182
1533,m100_n25,0.1,Dolphyin,s12,3,0.029,0.022182
1534,m100_n25,0.1,Dolphyin,s12,4,0.031,0.022182
1535,m100_n25,0.1,Dolphyin,s12,5,0.029,0.022182
1536,m100_n25,0.1,Dolphyin,s12,6,0.029,0.0298778
1537,m100_n25,0.1,Dolphyin,s12,7,0.033,0.022182
1538,m100_n25,0.1,Dolphyin,s12,8,0.032,0.022182
1539,m100_n25,0.1,Dolphyin,s12,9,0.032,0.0181077
1540,m100_n25,0.2,Dolphyin,s12,0,0.03,0.022182
1541,m100_n25,0.2,Dolphyin,s12,1,0.031,0.022182
1542,m100_n25,0.2,Dolphyin,s12,2,0.031,0.022182
1543,m100_n25,0.2,Dolphyin,s12,3,0.029,0.022182
1544,m100_n25,0.2,Dolphyin,s12,4,0.032,0.022182
1545,m100_n25,0.2,Dolphyin,s12,5,0.033,0.022182
1546,m100_n25,0.2,Dolphyin,s12,6,0.033,0.0298778
1547,m100_n25,0.2,Dolphyin,s12,7,0.03,0.022182
1548,m100_n25,0.2,Dolphyin,s12,8,0.03,0.022182
1549,m100_n25,0.2,Dolphyin,s12,9,0.03,0.0181077
1550,m100_n25,0.4,Dolphyin,s12,0,0.065,0.0246195
1551,m100_n25,0.4,Dolphyin,s12,1,0.057,0.0725157
1552,m100_n25,0.4,Dolphyin,s12,2,0.031,0.0872874
1553,m100_n25,0.4,Dolphyin,s12,3,0.026,0.0640107
1554,m100_n25,0.4,Dolphyin,s12,4,0.03,0.102507
1555,m100_n25,0.4,Dolphyin,s12,5,0.031,0.132498
1556,m100_n25,0.4,Dolphyin,s12,6,0.064,0.0832587
1557,m100_n25,0.4,Dolphyin,s12,7,0.03,0.0872874
1558,m100_n25,0.4,Dolphyin,s12,8,0.026,0.0734109
1559,m100_n25,0.4,Dolphyin,s12,9,0.029,0.0944494
1560,m100_n25,0.1,Dolphyin,s13,0,0.044,0.131626
1561,m100_n25,0.1,Dolphyin,s13,1,0.048,0.107802
1562,m100_n25,0.1,Dolphyin,s13,2,0.044,0.131626
1563,m100_n25,0.1,Dolphyin,s13,3,0.042,0.129839
1564,m100_n25,0.1,Dolphyin,s13,4,0.044,0.112567
1565,m100_n25,0.1,Dolphyin,s13,5,0.045,0.131626
1566,m100_n25,0.1,Dolphyin,s13,6,0.044,0.117332
1567,m100_n25,0.1,Dolphyin,s13,7,0.045,0.126266
1568,m100_n25,0.1,Dolphyin,s13,8,0.045,0.132817
1569,m100_n25,0.1,Dolphyin,s13,9,0.044,0.129244
1570,m100_n25,0.2,Dolphyin,s13,0,0.038,0.099537
1571,m100_n25,0.2,Dolphyin,s13,1,0.036,0.0578704
1572,m100_n25,0.2,Dolphyin,s13,2,0.037,0.119792
1573,m100_n25,0.2,Dolphyin,s13,3,0.035,0.0740741
1574,m100_n25,0.2,Dolphyin,s13,4,0.044,0.123264
1575,m100_n25,0.2,Dolphyin,s13,5,0.037,0.124421
1576,m100_n25,0.2,Dolphyin,s13,6,0.037,0.0983796
1577,m100_n25,0.2,Dolphyin,s13,7,0.037,0.0949074
1578,m100_n25,0.2,Dolphyin,s13,8,0.036,0.104745
1579,m100_n25,0.2,Dolphyin,s13,9,0.038,0.0746528
1580,m100_n25,0.4,Dolphyin,s13,0,0.043,0.136939
1581,m100_n25,0.4,Dolphyin,s13,1,0.047,0.101266
1582,m100_n25,0.4,Dolphyin,s13,2,0.043,0.124856
1583,m100_n25,0.4,Dolphyin,s13,3,0.052,0.136939
1584,m100_n25,0.4,Dolphyin,s13,4,0.051,0.160529
1585,m100_n25,0.4,Dolphyin,s13,5,0.041,0.161105
1586,m100_n25,0.4,Dolphyin,s13,6,0.044,0.115075
1587,m100_n25,0.4,Dolphyin,s13,7,0.043,0.161105
1588,m100_n25,0.4,Dolphyin,s13,8,0.043,0.155351
1589,m100_n25,0.4,Dolphyin,s13,9,0.044,0.136939
1590,m100_n25,0.1,Dolphyin,s14,0,0.032,0.0339491
1591,m100_n25,0.1,Dolphyin,s14,1,0.032,0.0399401
1592,m100_n25,0.1,Dolphyin,s14,2,0.034,0.0399401
1593,m100_n25,0.1,Dolphyin,s14,3,0.031,0.0344483
1594,m100_n25,0.1,Dolphyin,s14,4,0.032,0.0339491
1595,m100_n25,0.1,Dolphyin,s14,5,0.03,0.0399401
1596,m100_n25,0.1,Dolphyin,s14,6,0.034,0.0399401
1597,m100_n25,0.1,Dolphyin,s14,7,0.032,0.0399401
1598,m100_n25,0.1,Dolphyin,s14,8,0.034,0.0399401
1599,m100_n25,0.1,Dolphyin,s14,9,0.032,0.0399401
1600,m100_n25,0.2,Dolphyin,s14,0,0.027,0.0445423
1601,m100_n25,0.2,Dolphyin,s14,1,0.028,0.0406265
1602,m100_n25,0.2,Dolphyin,s14,2,0.029,0.0367107
1603,m100_n25,0.2,Dolphyin,s14,3,0.03,0.0357318
1604,m100_n25,0.2,Dolphyin,s14,4,0.029,0.0504161
1605,m100_n25,0.2,Dolphyin,s14,5,0.029,0.0396476
1606,m100_n25,0.2,Dolphyin,s14,6,0.029,0.0293686
1607,m100_n25,0.2,Dolphyin,s14,7,0.029,0.0445423
1608,m100_n25,0.2,Dolphyin,s14,8,0.026,0.0225159
1609,m100_n25,0.2,Dolphyin,s14,9,0.032,0.0445423
1610,m100_n25,0.4,Dolphyin,s14,0,0.035,0.0616473
1611,m100_n25,0.4,Dolphyin,s14,1,0.035,0.0616473
1612,m100_n25,0.4,Dolphyin,s14,2,0.035,0.0697322
1613,m100_n25,0.4,Dolphyin,s14,3,0.036,0.0697322
1614,m100_n25,0.4,Dolphyin,s14,4,0.035,0.0697322
1615,m100_n25,0.4,Dolphyin,s14,5,0.035,0.0616473
1616,m100_n25,0.4,Dolphyin,s14,6,0.031,0.0616473
1617,m100_n25,0.4,Dolphyin,s14,7,0.032,0.0697322
1618,m100_n25,0.4,Dolphyin,s14,8,0.034,0.0596261
1619,m100_n25,0.4,Dolphyin,s14,9,0.034,0.0697322
1620,m100_n25,0.1,Dolphyin,s15,0,0.048,0.0
1621,m100_n25,0.1,Dolphyin,s15,1,0.047,0.0
1622,m100_n25,0.1,Dolphyin,s15,2,0.048,0.0
1623,m100_n25,0.1,Dolphyin,s15,3,0.048,0.0
1624,m100_n25,0.1,Dolphyin,s15,4,0.048,0.0
1625,m100_n25,0.1,Dolphyin,s15,5,0.048,0.0
1626,m100_n25,0.1,Dolphyin,s15,6,0.047,0.0
1627,m100_n25,0.1,Dolphyin,s15,7,0.047,0.0
1628,m100_n25,0.1,Dolphyin,s15,8,0.048,0.0
1629,m100_n25,0.1,Dolphyin,s15,9,0.048,0.0
1630,m100_n25,0.2,Dolphyin,s15,0,0.077,0.0
1631,m100_n25,0.2,Dolphyin,s15,1,0.077,0.0
1632,m100_n25,0.2,Dolphyin,s15,2,0.076,0.0
1633,m100_n25,0.2,Dolphyin,s15,3,0.077,0.0
1634,m100_n25,0.2,Dolphyin,s15,4,0.077,0.0
1635,m100_n25,0.2,Dolphyin,s15,5,0.077,0.0
1636,m100_n25,0.2,Dolphyin,s15,6,0.077,0.0
1637,m100_n25,0.2,Dolphyin,s15,7,0.078,0.0
1638,m100_n25,0.2,Dolphyin,s15,8,0.075,0.0
1639,m100_n25,0.2,Dolphyin,s15,9,0.077,0.0
1640,m100_n25,0.4,Dolphyin,s15,0,0.052,0.0
1641,m100_n25,0.4,Dolphyin,s15,1,0.051,0.0
1642,m100_n25,0.4,Dolphyin,s15,2,0.05,0.0
1643,m100_n25,0.4,Dolphyin,s15,3,0.05,0.0
1644,m100_n25,0.4,Dolphyin,s15,4,0.052,0.0
1645,m100_n25,0.4,Dolphyin,s15,5,0.052,0.0
1646,m100_n25,0.4,Dolphyin,s15,6,0.052,0.0
1647,m100_n25,0.4,Dolphyin,s15,7,0.053,0.0
1648,m100_n25,0.4,Dolphyin,s15,8,0.052,0.0
1649,m100_n25,0.4,Dolphyin,s15,9,0.052,0.0
1650,m100_n25,0.1,Dolphyin,s16,0,0.304,0.0496834
1651,m100_n25,0.1,Dolphyin,s16,1,0.043,0.0696542
1652,m100_n25,0.1,Dolphyin,s16,2,0.044,0.0438383
1653,m100_n25,0.1,Dolphyin,s16,3,0.036,0.0657574
1654,m100_n25,0.1,Dolphyin,s16,4,0.046,0.123721
1655,m100_n25,0.1,Dolphyin,s16,5,0.207,0.0496834
1656,m100_n25,0.1,Dolphyin,s16,6,0.041,0.149537
1657,m100_n25,0.1,Dolphyin,s16,7,0.487,0.0852411
1658,m100_n25,0.1,Dolphyin,s16,8,0.224,0.0238675
1659,m100_n25,0.1,Dolphyin,s16,9,0.204,0.0599123
1660,m100_n25,0.2,Dolphyin,s16,0,0.034,0.0464559
1661,m100_n25,0.2,Dolphyin,s16,1,0.03,0.0555556
1662,m100_n25,0.2,Dolphyin,s16,2,0.044,0.0651341
1663,m100_n25,0.2,Dolphyin,s16,3,0.035,0.0445402
1664,m100_n25,0.2,Dolphyin,s16,4,0.035,0.0454981
1665,m100_n25,0.2,Dolphyin,s16,5,0.033,0.0373563
1666,m100_n25,0.2,Dolphyin,s16,6,0.032,0.0478927
1667,m100_n25,0.2,Dolphyin,s16,7,0.036,0.0454981
1668,m100_n25,0.2,Dolphyin,s16,8,0.035,0.0454981
1669,m100_n25,0.2,Dolphyin,s16,9,0.034,0.0517241
1670,m100_n25,0.4,Dolphyin,s16,0,0.036,0.0253467
1671,m100_n25,0.4,Dolphyin,s16,1,0.039,0.0545194
1672,m100_n25,0.4,Dolphyin,s16,2,0.032,0.0392157
1673,m100_n25,0.4,Dolphyin,s16,3,0.035,0.0449546
1674,m100_n25,0.4,Dolphyin,s16,4,0.044,0.033955
1675,m100_n25,0.4,Dolphyin,s16,5,0.038,0.033955
1676,m100_n25,0.4,Dolphyin,s16,6,0.038,0.0406504
1677,m100_n25,0.4,Dolphyin,s16,7,0.038,0.033955
1678,m100_n25,0.4,Dolphyin,s16,8,0.037,0.0253467
1679,m100_n25,0.4,Dolphyin,s16,9,0.036,0.033955
1680,m100_n25,0.1,Dolphyin,s17,0,0.033,0.048675
1681,m100_n25,0.1,Dolphyin,s17,1,0.033,0.0411033
1682,m100_n25,0.1,Dolphyin,s17,2,0.033,0.0416441
1683,m100_n25,0.1,Dolphyin,s17,3,0.033,0.0470525
1684,m100_n25,0.1,Dolphyin,s17,4,0.033,0.0411033
1685,m100_n25,0.1,Dolphyin,s17,5,0.031,0.0400216
1686,m100_n25,0.1,Dolphyin,s17,6,0.034,0.0475933
1687,m100_n25,0.1,Dolphyin,s17,7,0.032,0.048675
1688,m100_n25,0.1,Dolphyin,s17,8,0.034,0.0481341
1689,m100_n25,0.1,Dolphyin,s17,9,0.031,0.04543
1690,m100_n25,0.2,Dolphyin,s17,0,0.14,0.0321716
1691,m100_n25,0.2,Dolphyin,s17,1,0.173,0.0321716
1692,m100_n25,0.2,Dolphyin,s17,2,0.118,0.0461126
1693,m100_n25,0.2,Dolphyin,s17,3,0.131,0.0321716
1694,m100_n25,0.2,Dolphyin,s17,4,0.106,0.0493298
1695,m100_n25,0.2,Dolphyin,s17,5,0.123,0.0493298
1696,m100_n25,0.2,Dolphyin,s17,6,0.139,0.0327078
1697,m100_n25,0.2,Dolphyin,s17,7,0.147,0.033244
1698,m100_n25,0.2,Dolphyin,s17,8,0.038,0.0600536
1699,m100_n25,0.2,Dolphyin,s17,9,0.136,0.0391421
1700,m100_n25,0.4,Dolphyin,s17,0,0.262,0.0569452
1701,m100_n25,0.4,Dolphyin,s17,1,0.039,0.0867483
1702,m100_n25,0.4,Dolphyin,s17,2,0.031,0.0989888
1703,m100_n25,0.4,Dolphyin,s17,3,0.262,0.0649282
1704,m100_n25,0.4,Dolphyin,s17,4,0.248,0.0558808
1705,m100_n25,0.4,Dolphyin,s17,5,0.031,0.0973922
1706,m100_n25,0.4,Dolphyin,s17,6,0.031,0.0558808
1707,m100_n25,0.4,Dolphyin,s17,7,0.19,0.0447046
1708,m100_n25,0.4,Dolphyin,s17,8,0.122,0.0862161
1709,m100_n25,0.4,Dolphyin,s17,9,0.22,0.0298031
1710,m100_n25,0.1,Dolphyin,s18,0,0.083,0.0686004
1711,m100_n25,0.1,Dolphyin,s18,1,0.093,0.0879374
1712,m100_n25,0.1,Dolphyin,s18,2,0.028,0.031768
1713,m100_n25,0.1,Dolphyin,s18,3,0.057,0.0658379
1714,m100_n25,0.1,Dolphyin,s18,4,0.028,0.0303867
1715,m100_n25,0.1,Dolphyin,s18,5,0.077,0.0124309
1716,m100_n25,0.1,Dolphyin,s18,6,0.072,0.0290055
1717,m100_n25,0.1,Dolphyin,s18,7,0.029,0.0644567
1718,m100_n25,0.1,Dolphyin,s18,8,0.086,0.085175
1719,m100_n25,0.1,Dolphyin,s18,9,0.059,0.0796501
1720,m100_n25,0.2,Dolphyin,s18,0,0.073,0.0686004
1721,m100_n25,0.2,Dolphyin,s18,1,0.089,0.0879374
1722,m100_n25,0.2,Dolphyin,s18,2,0.028,0.031768
1723,m100_n25,0.2,Dolphyin,s18,3,0.059,0.0658379
1724,m100_n25,0.2,Dolphyin,s18,4,0.028,0.0303867
1725,m100_n25,0.2,Dolphyin,s18,5,0.072,0.0124309
1726,m100_n25,0.2,Dolphyin,s18,6,0.075,0.0290055
1727,m100_n25,0.2,Dolphyin,s18,7,0.03,0.0644567
1728,m100_n25,0.2,Dolphyin,s18,8,0.079,0.085175
1729,m100_n25,0.2,Dolphyin,s18,9,0.062,0.0796501
1730,m100_n25,0.4,Dolphyin,s18,0,0.052,0.0
1731,m100_n25,0.4,Dolphyin,s18,1,0.051,0.0
1732,m100_n25,0.4,Dolphyin,s18,2,0.053,0.0
1733,m100_n25,0.4,Dolphyin,s18,3,0.051,0.0
1734,m100_n25,0.4,Dolphyin,s18,4,0.051,0.0
1735,m100_n25,0.4,Dolphyin,s18,5,0.054,0.0
1736,m100_n25,0.4,Dolphyin,s18,6,0.051,0.0
1737,m100_n25,0.4,Dolphyin,s18,7,0.051,0.0
1738,m100_n25,0.4,Dolphyin,s18,8,0.05,0.0
1739,m100_n25,0.4,Dolphyin,s18,9,0.052,0.0
1740,m100_n25,0.1,Dolphyin,s19,0,0.041,0.0
1741,m100_n25,0.1,Dolphyin,s19,1,0.039,0.0
1742,m100_n25,0.1,Dolphyin,s19,2,0.041,0.0
1743,m100_n25,0.1,Dolphyin,s19,3,0.041,0.0
1744,m100_n25,0.1,Dolphyin,s19,4,0.041,0.0
1745,m100_n25,0.1,Dolphyin,s19,5,0.041,0.0
1746,m100_n25,0.1,Dolphyin,s19,6,0.041,0.0
1747,m100_n25,0.1,Dolphyin,s19,7,0.04,0.0
1748,m100_n25,0.1,Dolphyin,s19,8,0.039,0.0
1749,m100_n25,0.1,Dolphyin,s19,9,0.04,0.0
1750,m100_n25,0.2,Dolphyin,s19,0,0.027,0.21939
1751,m100_n25,0.2,Dolphyin,s19,1,0.029,0.0450614
1752,m100_n25,0.2,Dolphyin,s19,2,0.029,0.0527993
1753,m100_n25,0.2,Dolphyin,s19,3,0.027,0.0423305
1754,m100_n25,0.2,Dolphyin,s19,4,0.049,0.0919436
1755,m100_n25,0.2,Dolphyin,s19,5,0.027,0.0641784
1756,m100_n25,0.2,Dolphyin,s19,6,0.023,0.0450614
1757,m100_n25,0.2,Dolphyin,s19,7,0.026,0.0714611
1758,m100_n25,0.2,Dolphyin,s19,8,0.059,0.0591716
1759,m100_n25,0.2,Dolphyin,s19,9,0.023,0.0450614
1760,m100_n25,0.4,Dolphyin,s19,0,0.026,0.0
1761,m100_n25,0.4,Dolphyin,s19,1,0.024,0.0
1762,m100_n25,0.4,Dolphyin,s19,2,0.023,0.0
1763,m100_n25,0.4,Dolphyin,s19,3,0.024,0.0
1764,m100_n25,0.4,Dolphyin,s19,4,0.023,0.0
1765,m100_n25,0.4,Dolphyin,s19,5,0.025,0.0
1766,m100_n25,0.4,Dolphyin,s19,6,0.028,0.0
1767,m100_n25,0.4,Dolphyin,s19,7,0.027,0.0
1768,m100_n25,0.4,Dolphyin,s19,8,0.027,0.0
1769,m100_n25,0.4,Dolphyin,s19,9,0.027,0.0
1770,m100_n25,0.1,Dolphyin,s20,0,0.138,0.074805
1771,m100_n25,0.1,Dolphyin,s20,1,0.144,0.0858192
1772,m100_n25,0.1,Dolphyin,s20,2,0.03,0.0936209
1773,m100_n25,0.1,Dolphyin,s20,3,0.028,0.0968334
1774,m100_n25,0.1,Dolphyin,s20,4,0.361,-1.0
1775,m100_n25,0.1,Dolphyin,s20,5,0.031,0.0513997
1776,m100_n25,0.1,Dolphyin,s20,6,0.028,0.130794
1777,m100_n25,0.1,Dolphyin,s20,7,0.03,0.0798531
1778,m100_n25,0.1,Dolphyin,s20,8,0.031,0.0601193
1779,m100_n25,0.1,Dolphyin,s20,9,0.031,0.0224874
1780,m100_n25,0.2,Dolphyin,s20,0,0.142,0.074805
1781,m100_n25,0.2,Dolphyin,s20,1,0.12,0.0858192
1782,m100_n25,0.2,Dolphyin,s20,2,0.027,0.0936209
1783,m100_n25,0.2,Dolphyin,s20,3,0.032,0.0968334
1784,m100_n25,0.2,Dolphyin,s20,4,0.431,-1.0
1785,m100_n25,0.2,Dolphyin,s20,5,0.029,0.0513997
1786,m100_n25,0.2,Dolphyin,s20,6,0.033,0.130794
1787,m100_n25,0.2,Dolphyin,s20,7,0.031,0.0798531
1788,m100_n25,0.2,Dolphyin,s20,8,0.032,0.0601193
1789,m100_n25,0.2,Dolphyin,s20,9,0.031,0.0224874
1790,m100_n25,0.4,Dolphyin,s20,0,0.135,0.074805
1791,m100_n25,0.4,Dolphyin,s20,1,0.15,0.0858192
1792,m100_n25,0.4,Dolphyin,s20,2,0.032,0.0936209
1793,m100_n25,0.4,Dolphyin,s20,3,0.031,0.0968334
1794,m100_n25,0.4,Dolphyin,s20,4,0.445,-1.0
1795,m100_n25,0.4,Dolphyin,s20,5,0.028,0.0513997
1796,m100_n25,0.4,Dolphyin,s20,6,0.033,0.130794
1797,m100_n25,0.4,Dolphyin,s20,7,0.031,0.0798531
1798,m100_n25,0.4,Dolphyin,s20,8,0.034,0.0601193
1799,m100_n25,0.4,Dolphyin,s20,9,0.031,0.0224874
