,mn,lossValue,Method,replicate,Time,Result
0,m25_n25,0.1,SphyR,s1,0.012,valid
1,m25_n25,0.2,SphyR,s1,0.008,valid
2,m25_n25,0.4,SphyR,s1,0.011,valid
3,m25_n25,0.1,SphyR,s2,0.009,valid
4,m25_n25,0.2,SphyR,s2,0.014,valid
5,m25_n25,0.4,SphyR,s2,0.014,valid
6,m25_n25,0.1,SphyR,s3,0.014,valid
7,m25_n25,0.2,SphyR,s3,0.014,valid
8,m25_n25,0.4,SphyR,s3,0.01,valid
9,m25_n25,0.1,SphyR,s4,0.012,valid
10,m25_n25,0.2,SphyR,s4,0.013,valid
11,m25_n25,0.4,SphyR,s4,0.012,valid
12,m25_n25,0.1,SphyR,s5,0.009,valid
13,m25_n25,0.2,SphyR,s5,0.01,valid
14,m25_n25,0.4,SphyR,s5,0.012,valid
15,m25_n25,0.1,SphyR,s6,0.01,valid
16,m25_n25,0.2,SphyR,s6,0.014,valid
17,m25_n25,0.4,SphyR,s6,0.01,valid
18,m25_n25,0.1,SphyR,s7,0.013,valid
19,m25_n25,0.2,SphyR,s7,0.012,valid
20,m25_n25,0.4,SphyR,s7,0.013,valid
21,m25_n25,0.1,SphyR,s8,0.009,valid
22,m25_n25,0.2,SphyR,s8,0.009,valid
23,m25_n25,0.4,SphyR,s8,0.01,valid
24,m25_n25,0.1,SphyR,s9,0.01,valid
25,m25_n25,0.2,SphyR,s9,0.01,valid
26,m25_n25,0.4,SphyR,s9,0.01,valid
27,m25_n25,0.1,SphyR,s10,0.01,valid
28,m25_n25,0.2,SphyR,s10,0.01,valid
29,m25_n25,0.4,SphyR,s10,0.012,valid
30,m25_n25,0.1,SphyR,s11,0.01,valid
31,m25_n25,0.2,SphyR,s11,0.012,valid
32,m25_n25,0.4,SphyR,s11,0.013,valid
33,m25_n25,0.1,SphyR,s12,0.01,valid
34,m25_n25,0.2,SphyR,s12,0.01,valid
35,m25_n25,0.4,SphyR,s12,0.01,valid
36,m25_n25,0.1,SphyR,s13,0.014,valid
37,m25_n25,0.2,SphyR,s13,0.014,valid
38,m25_n25,0.4,SphyR,s13,0.015,valid
39,m25_n25,0.1,SphyR,s14,0.009,valid
40,m25_n25,0.2,SphyR,s14,0.012,valid
41,m25_n25,0.4,SphyR,s14,0.012,valid
42,m25_n25,0.1,SphyR,s15,0.014,valid
43,m25_n25,0.2,SphyR,s15,0.013,valid
44,m25_n25,0.4,SphyR,s15,0.013,valid
45,m25_n25,0.1,SphyR,s16,0.009,valid
46,m25_n25,0.2,SphyR,s16,0.01,valid
47,m25_n25,0.4,SphyR,s16,0.01,valid
48,m25_n25,0.1,SphyR,s17,0.01,valid
49,m25_n25,0.2,SphyR,s17,0.011,valid
50,m25_n25,0.4,SphyR,s17,0.01,valid
51,m25_n25,0.1,SphyR,s18,0.014,valid
52,m25_n25,0.2,SphyR,s18,0.014,valid
53,m25_n25,0.4,SphyR,s18,0.013,valid
54,m25_n25,0.1,SphyR,s19,0.01,valid
55,m25_n25,0.2,SphyR,s19,0.012,valid
56,m25_n25,0.4,SphyR,s19,0.012,valid
57,m25_n25,0.1,SphyR,s20,0.01,valid
58,m25_n25,0.2,SphyR,s20,0.01,valid
59,m25_n25,0.4,SphyR,s20,0.013,valid
60,m25_n50,0.1,SphyR,s1,0.016,valid
61,m25_n50,0.2,SphyR,s1,0.016,valid
62,m25_n50,0.4,SphyR,s1,0.021,valid
63,m25_n50,0.1,SphyR,s2,0.01,valid
64,m25_n50,0.2,SphyR,s2,0.017,valid
65,m25_n50,0.4,SphyR,s2,0.015,valid
66,m25_n50,0.1,SphyR,s3,0.019,valid
67,m25_n50,0.2,SphyR,s3,0.016,valid
68,m25_n50,0.4,SphyR,s3,0.011,valid
69,m25_n50,0.1,SphyR,s4,0.015,valid
70,m25_n50,0.2,SphyR,s4,0.017,valid
71,m25_n50,0.4,SphyR,s4,0.014,valid
72,m25_n50,0.1,SphyR,s5,0.019,valid
73,m25_n50,0.2,SphyR,s5,0.019,valid
74,m25_n50,0.4,SphyR,s5,0.019,valid
75,m25_n50,0.1,SphyR,s6,0.014,valid
76,m25_n50,0.2,SphyR,s6,0.016,valid
77,m25_n50,0.4,SphyR,s6,0.014,valid
78,m25_n50,0.1,SphyR,s7,0.013,valid
79,m25_n50,0.2,SphyR,s7,0.021,valid
80,m25_n50,0.4,SphyR,s7,0.012,valid
81,m25_n50,0.1,SphyR,s8,0.016,valid
82,m25_n50,0.2,SphyR,s8,0.016,valid
83,m25_n50,0.4,SphyR,s8,0.016,valid
84,m25_n50,0.1,SphyR,s9,0.014,valid
85,m25_n50,0.2,SphyR,s9,0.009,valid
86,m25_n50,0.4,SphyR,s9,0.009,valid
87,m25_n50,0.1,SphyR,s10,0.011,valid
88,m25_n50,0.2,SphyR,s10,0.012,valid
89,m25_n50,0.4,SphyR,s10,0.013,valid
90,m25_n50,0.1,SphyR,s11,0.014,valid
91,m25_n50,0.2,SphyR,s11,0.016,valid
92,m25_n50,0.4,SphyR,s11,0.015,valid
93,m25_n50,0.1,SphyR,s12,0.016,valid
94,m25_n50,0.2,SphyR,s12,0.016,valid
95,m25_n50,0.4,SphyR,s12,0.015,valid
96,m25_n50,0.1,SphyR,s13,0.014,valid
97,m25_n50,0.2,SphyR,s13,0.016,valid
98,m25_n50,0.4,SphyR,s13,0.019,valid
99,m25_n50,0.1,SphyR,s14,0.015,valid
100,m25_n50,0.2,SphyR,s14,0.014,valid
101,m25_n50,0.4,SphyR,s14,0.014,valid
102,m25_n50,0.1,SphyR,s15,0.016,valid
103,m25_n50,0.2,SphyR,s15,0.018,valid
104,m25_n50,0.4,SphyR,s15,0.018,valid
105,m25_n50,0.1,SphyR,s16,0.014,valid
106,m25_n50,0.2,SphyR,s16,0.014,valid
107,m25_n50,0.4,SphyR,s16,0.014,valid
108,m25_n50,0.1,SphyR,s17,0.016,valid
109,m25_n50,0.2,SphyR,s17,0.016,valid
110,m25_n50,0.4,SphyR,s17,0.015,valid
111,m25_n50,0.1,SphyR,s18,0.011,valid
112,m25_n50,0.2,SphyR,s18,0.015,valid
113,m25_n50,0.4,SphyR,s18,0.015,valid
114,m25_n50,0.1,SphyR,s19,0.02,valid
115,m25_n50,0.2,SphyR,s19,0.026,valid
116,m25_n50,0.4,SphyR,s19,0.017,valid
117,m25_n50,0.1,SphyR,s20,0.019,valid
118,m25_n50,0.2,SphyR,s20,0.017,valid
119,m25_n50,0.4,SphyR,s20,0.018,valid
120,m25_n100,0.1,SphyR,s1,0.024,valid
121,m25_n100,0.2,SphyR,s1,0.033,valid
122,m25_n100,0.4,SphyR,s1,0.019,valid
123,m25_n100,0.1,SphyR,s2,0.019,valid
124,m25_n100,0.2,SphyR,s2,0.03,valid
125,m25_n100,0.4,SphyR,s2,0.02,valid
126,m25_n100,0.1,SphyR,s3,0.043,valid
127,m25_n100,0.2,SphyR,s3,0.02,valid
128,m25_n100,0.4,SphyR,s3,0.021,valid
129,m25_n100,0.1,SphyR,s4,0.034,valid
130,m25_n100,0.2,SphyR,s4,0.031,valid
131,m25_n100,0.4,SphyR,s4,0.022,valid
132,m25_n100,0.1,SphyR,s5,0.021,valid
133,m25_n100,0.2,SphyR,s5,0.042,valid
134,m25_n100,0.4,SphyR,s5,0.027,valid
135,m25_n100,0.1,SphyR,s6,0.018,valid
136,m25_n100,0.2,SphyR,s6,0.041,valid
137,m25_n100,0.4,SphyR,s6,0.024,valid
138,m25_n100,0.1,SphyR,s7,0.018,valid
139,m25_n100,0.2,SphyR,s7,0.019,valid
140,m25_n100,0.4,SphyR,s7,0.017,valid
141,m25_n100,0.1,SphyR,s8,0.019,valid
142,m25_n100,0.2,SphyR,s8,0.037,valid
143,m25_n100,0.4,SphyR,s8,0.024,valid
144,m25_n100,0.1,SphyR,s9,0.018,valid
145,m25_n100,0.2,SphyR,s9,0.018,valid
146,m25_n100,0.4,SphyR,s9,0.015,valid
147,m25_n100,0.1,SphyR,s10,0.018,valid
148,m25_n100,0.2,SphyR,s10,0.018,valid
149,m25_n100,0.4,SphyR,s10,0.017,valid
150,m25_n100,0.1,SphyR,s11,0.034,valid
151,m25_n100,0.2,SphyR,s11,0.019,valid
152,m25_n100,0.4,SphyR,s11,0.027,valid
153,m25_n100,0.1,SphyR,s12,0.053,valid
154,m25_n100,0.2,SphyR,s12,0.036,valid
155,m25_n100,0.4,SphyR,s12,0.039,valid
156,m25_n100,0.1,SphyR,s13,0.03,valid
157,m25_n100,0.2,SphyR,s13,0.019,valid
158,m25_n100,0.4,SphyR,s13,0.021,valid
159,m25_n100,0.1,SphyR,s14,0.029,valid
160,m25_n100,0.2,SphyR,s14,0.038,valid
161,m25_n100,0.4,SphyR,s14,0.041,valid
162,m25_n100,0.1,SphyR,s15,0.023,valid
163,m25_n100,0.2,SphyR,s15,0.024,valid
164,m25_n100,0.4,SphyR,s15,0.025,valid
165,m25_n100,0.1,SphyR,s16,0.015,valid
166,m25_n100,0.2,SphyR,s16,0.016,valid
167,m25_n100,0.4,SphyR,s16,0.014,valid
168,m25_n100,0.1,SphyR,s17,0.017,valid
169,m25_n100,0.2,SphyR,s17,0.025,valid
170,m25_n100,0.4,SphyR,s17,0.016,valid
171,m25_n100,0.1,SphyR,s18,0.019,valid
172,m25_n100,0.2,SphyR,s18,0.02,valid
173,m25_n100,0.4,SphyR,s18,0.028,valid
174,m25_n100,0.1,SphyR,s19,0.045,valid
175,m25_n100,0.2,SphyR,s19,0.033,valid
176,m25_n100,0.4,SphyR,s19,0.023,valid
177,m25_n100,0.1,SphyR,s20,0.026,valid
178,m25_n100,0.2,SphyR,s20,0.039,valid
179,m25_n100,0.4,SphyR,s20,0.036,valid
180,m50_n25,0.1,SphyR,s1,0.01,valid
181,m50_n25,0.2,SphyR,s1,0.009,valid
182,m50_n25,0.4,SphyR,s1,0.012,valid
183,m50_n25,0.1,SphyR,s2,0.01,valid
184,m50_n25,0.2,SphyR,s2,0.013,valid
185,m50_n25,0.4,SphyR,s2,0.014,valid
186,m50_n25,0.1,SphyR,s3,0.01,valid
187,m50_n25,0.2,SphyR,s3,0.015,valid
188,m50_n25,0.4,SphyR,s3,0.01,valid
189,m50_n25,0.1,SphyR,s4,0.015,valid
190,m50_n25,0.2,SphyR,s4,0.016,valid
191,m50_n25,0.4,SphyR,s4,0.017,valid
192,m50_n25,0.1,SphyR,s5,0.019,valid
193,m50_n25,0.2,SphyR,s5,0.019,valid
194,m50_n25,0.4,SphyR,s5,0.017,valid
195,m50_n25,0.1,SphyR,s6,0.011,valid
196,m50_n25,0.2,SphyR,s6,0.011,valid
197,m50_n25,0.4,SphyR,s6,0.017,valid
198,m50_n25,0.1,SphyR,s7,0.01,valid
199,m50_n25,0.2,SphyR,s7,0.014,valid
200,m50_n25,0.4,SphyR,s7,0.013,valid
201,m50_n25,0.1,SphyR,s8,0.013,valid
202,m50_n25,0.2,SphyR,s8,0.013,valid
203,m50_n25,0.4,SphyR,s8,0.014,valid
204,m50_n25,0.1,SphyR,s9,0.014,valid
205,m50_n25,0.2,SphyR,s9,0.015,valid
206,m50_n25,0.4,SphyR,s9,0.01,valid
207,m50_n25,0.1,SphyR,s10,0.018,valid
208,m50_n25,0.2,SphyR,s10,0.017,valid
209,m50_n25,0.4,SphyR,s10,0.02,valid
210,m50_n25,0.1,SphyR,s11,0.01,valid
211,m50_n25,0.2,SphyR,s11,0.01,valid
212,m50_n25,0.4,SphyR,s11,0.01,valid
213,m50_n25,0.1,SphyR,s12,0.012,valid
214,m50_n25,0.2,SphyR,s12,0.016,valid
215,m50_n25,0.4,SphyR,s12,0.017,valid
216,m50_n25,0.1,SphyR,s13,0.009,valid
217,m50_n25,0.2,SphyR,s13,0.014,valid
218,m50_n25,0.4,SphyR,s13,0.013,valid
219,m50_n25,0.1,SphyR,s14,0.017,valid
220,m50_n25,0.2,SphyR,s14,0.017,valid
221,m50_n25,0.4,SphyR,s14,0.018,valid
222,m50_n25,0.1,SphyR,s15,0.016,valid
223,m50_n25,0.2,SphyR,s15,0.012,valid
224,m50_n25,0.4,SphyR,s15,0.017,valid
225,m50_n25,0.1,SphyR,s16,0.011,valid
226,m50_n25,0.2,SphyR,s16,0.011,valid
227,m50_n25,0.4,SphyR,s16,0.011,valid
228,m50_n25,0.1,SphyR,s17,0.013,valid
229,m50_n25,0.2,SphyR,s17,0.013,valid
230,m50_n25,0.4,SphyR,s17,0.013,valid
231,m50_n25,0.1,SphyR,s18,0.012,valid
232,m50_n25,0.2,SphyR,s18,0.014,valid
233,m50_n25,0.4,SphyR,s18,0.012,valid
234,m50_n25,0.1,SphyR,s19,0.013,valid
235,m50_n25,0.2,SphyR,s19,0.013,valid
236,m50_n25,0.4,SphyR,s19,0.013,valid
237,m50_n25,0.1,SphyR,s20,0.01,valid
238,m50_n25,0.2,SphyR,s20,0.01,valid
239,m50_n25,0.4,SphyR,s20,0.014,valid
240,m50_n50,0.1,SphyR,s1,0.024,valid
241,m50_n50,0.2,SphyR,s1,0.027,valid
242,m50_n50,0.4,SphyR,s1,0.027,valid
243,m50_n50,0.1,SphyR,s2,0.034,valid
244,m50_n50,0.2,SphyR,s2,0.034,valid
245,m50_n50,0.4,SphyR,s2,0.033,valid
246,m50_n50,0.1,SphyR,s3,0.022,valid
247,m50_n50,0.2,SphyR,s3,0.022,valid
248,m50_n50,0.4,SphyR,s3,0.043,valid
249,m50_n50,0.1,SphyR,s4,0.019,valid
250,m50_n50,0.2,SphyR,s4,0.019,valid
251,m50_n50,0.4,SphyR,s4,0.018,valid
252,m50_n50,0.1,SphyR,s5,0.015,valid
253,m50_n50,0.2,SphyR,s5,0.015,valid
254,m50_n50,0.4,SphyR,s5,0.016,valid
255,m50_n50,0.1,SphyR,s6,0.022,valid
256,m50_n50,0.2,SphyR,s6,0.013,valid
257,m50_n50,0.4,SphyR,s6,0.021,valid
258,m50_n50,0.1,SphyR,s7,0.024,valid
259,m50_n50,0.2,SphyR,s7,0.025,valid
260,m50_n50,0.4,SphyR,s7,0.024,valid
261,m50_n50,0.1,SphyR,s8,0.015,valid
262,m50_n50,0.2,SphyR,s8,0.018,valid
263,m50_n50,0.4,SphyR,s8,0.016,valid
264,m50_n50,0.1,SphyR,s9,0.022,valid
265,m50_n50,0.2,SphyR,s9,0.024,valid
266,m50_n50,0.4,SphyR,s9,0.02,valid
267,m50_n50,0.1,SphyR,s10,0.017,valid
268,m50_n50,0.2,SphyR,s10,0.019,valid
269,m50_n50,0.4,SphyR,s10,0.016,valid
270,m50_n50,0.1,SphyR,s11,0.029,valid
271,m50_n50,0.2,SphyR,s11,0.04,valid
272,m50_n50,0.4,SphyR,s11,0.021,valid
273,m50_n50,0.1,SphyR,s12,0.024,valid
274,m50_n50,0.2,SphyR,s12,0.019,valid
275,m50_n50,0.4,SphyR,s12,0.023,valid
276,m50_n50,0.1,SphyR,s13,0.016,valid
277,m50_n50,0.2,SphyR,s13,0.041,valid
278,m50_n50,0.4,SphyR,s13,0.021,valid
279,m50_n50,0.1,SphyR,s14,0.022,valid
280,m50_n50,0.2,SphyR,s14,0.016,valid
281,m50_n50,0.4,SphyR,s14,0.016,valid
282,m50_n50,0.1,SphyR,s15,0.02,valid
283,m50_n50,0.2,SphyR,s15,0.02,valid
284,m50_n50,0.4,SphyR,s15,0.019,valid
285,m50_n50,0.1,SphyR,s16,0.019,valid
286,m50_n50,0.2,SphyR,s16,0.017,valid
287,m50_n50,0.4,SphyR,s16,0.018,valid
288,m50_n50,0.1,SphyR,s17,0.018,valid
289,m50_n50,0.2,SphyR,s17,0.017,valid
290,m50_n50,0.4,SphyR,s17,0.016,valid
291,m50_n50,0.1,SphyR,s18,0.015,valid
292,m50_n50,0.2,SphyR,s18,0.015,valid
293,m50_n50,0.4,SphyR,s18,0.017,valid
294,m50_n50,0.1,SphyR,s19,0.019,valid
295,m50_n50,0.2,SphyR,s19,0.02,valid
296,m50_n50,0.4,SphyR,s19,0.017,valid
297,m50_n50,0.1,SphyR,s20,0.018,valid
298,m50_n50,0.2,SphyR,s20,0.018,valid
299,m50_n50,0.4,SphyR,s20,0.019,valid
300,m50_n100,0.1,SphyR,s1,0.099,valid
301,m50_n100,0.2,SphyR,s1,0.091,valid
302,m50_n100,0.4,SphyR,s1,0.054,valid
303,m50_n100,0.1,SphyR,s2,0.079,valid
304,m50_n100,0.2,SphyR,s2,0.045,valid
305,m50_n100,0.4,SphyR,s2,0.05,valid
306,m50_n100,0.1,SphyR,s3,0.026,valid
307,m50_n100,0.2,SphyR,s3,0.033,valid
308,m50_n100,0.4,SphyR,s3,0.033,valid
309,m50_n100,0.1,SphyR,s4,0.129,valid
310,m50_n100,0.2,SphyR,s4,0.034,valid
311,m50_n100,0.4,SphyR,s4,0.036,valid
312,m50_n100,0.1,SphyR,s5,0.042,valid
313,m50_n100,0.2,SphyR,s5,0.047,valid
314,m50_n100,0.4,SphyR,s5,0.036,valid
315,m50_n100,0.1,SphyR,s6,0.072,valid
316,m50_n100,0.2,SphyR,s6,0.043,valid
317,m50_n100,0.4,SphyR,s6,0.067,valid
318,m50_n100,0.1,SphyR,s7,0.034,valid
319,m50_n100,0.2,SphyR,s7,0.052,valid
320,m50_n100,0.4,SphyR,s7,0.05,valid
321,m50_n100,0.1,SphyR,s8,0.044,valid
322,m50_n100,0.2,SphyR,s8,0.035,valid
323,m50_n100,0.4,SphyR,s8,0.031,valid
324,m50_n100,0.1,SphyR,s9,0.044,valid
325,m50_n100,0.2,SphyR,s9,0.065,valid
326,m50_n100,0.4,SphyR,s9,0.034,valid
327,m50_n100,0.1,SphyR,s10,0.044,valid
328,m50_n100,0.2,SphyR,s10,0.046,valid
329,m50_n100,0.4,SphyR,s10,0.039,valid
330,m50_n100,0.1,SphyR,s11,0.101,valid
331,m50_n100,0.2,SphyR,s11,0.06,valid
332,m50_n100,0.4,SphyR,s11,0.036,valid
333,m50_n100,0.1,SphyR,s12,0.071,valid
334,m50_n100,0.2,SphyR,s12,0.068,valid
335,m50_n100,0.4,SphyR,s12,0.114,valid
336,m50_n100,0.1,SphyR,s13,0.054,valid
337,m50_n100,0.2,SphyR,s13,0.045,valid
338,m50_n100,0.4,SphyR,s13,0.062,valid
339,m50_n100,0.1,SphyR,s14,0.065,valid
340,m50_n100,0.2,SphyR,s14,0.05,valid
341,m50_n100,0.4,SphyR,s14,0.023,valid
342,m50_n100,0.1,SphyR,s15,0.045,valid
343,m50_n100,0.2,SphyR,s15,0.044,valid
344,m50_n100,0.4,SphyR,s15,0.039,valid
345,m50_n100,0.1,SphyR,s16,0.044,valid
346,m50_n100,0.2,SphyR,s16,0.054,valid
347,m50_n100,0.4,SphyR,s16,0.039,valid
348,m50_n100,0.1,SphyR,s17,0.022,valid
349,m50_n100,0.2,SphyR,s17,0.101,valid
350,m50_n100,0.4,SphyR,s17,0.019,valid
351,m50_n100,0.1,SphyR,s18,0.028,valid
352,m50_n100,0.2,SphyR,s18,0.021,valid
353,m50_n100,0.4,SphyR,s18,0.044,valid
354,m50_n100,0.1,SphyR,s19,0.044,valid
355,m50_n100,0.2,SphyR,s19,0.044,valid
356,m50_n100,0.4,SphyR,s19,0.053,valid
357,m50_n100,0.1,SphyR,s20,0.039,valid
358,m50_n100,0.2,SphyR,s20,0.038,valid
359,m50_n100,0.4,SphyR,s20,0.038,valid
360,m100_n25,0.1,SphyR,s1,0.01,valid
361,m100_n25,0.2,SphyR,s1,0.012,valid
362,m100_n25,0.4,SphyR,s1,0.015,valid
363,m100_n25,0.1,SphyR,s2,0.012,valid
364,m100_n25,0.2,SphyR,s2,0.017,valid
365,m100_n25,0.4,SphyR,s2,0.018,valid
366,m100_n25,0.1,SphyR,s3,0.012,valid
367,m100_n25,0.2,SphyR,s3,0.018,valid
368,m100_n25,0.4,SphyR,s3,0.018,valid
369,m100_n25,0.1,SphyR,s4,0.017,valid
370,m100_n25,0.2,SphyR,s4,0.017,valid
371,m100_n25,0.4,SphyR,s4,0.018,valid
372,m100_n25,0.1,SphyR,s5,0.012,valid
373,m100_n25,0.2,SphyR,s5,0.012,valid
374,m100_n25,0.4,SphyR,s5,0.012,valid
375,m100_n25,0.1,SphyR,s6,0.015,valid
376,m100_n25,0.2,SphyR,s6,0.015,valid
377,m100_n25,0.4,SphyR,s6,0.015,valid
378,m100_n25,0.1,SphyR,s7,0.017,valid
379,m100_n25,0.2,SphyR,s7,0.017,valid
380,m100_n25,0.4,SphyR,s7,0.015,valid
381,m100_n25,0.1,SphyR,s8,0.019,valid
382,m100_n25,0.2,SphyR,s8,0.02,valid
383,m100_n25,0.4,SphyR,s8,0.019,valid
384,m100_n25,0.1,SphyR,s9,0.014,valid
385,m100_n25,0.2,SphyR,s9,0.015,valid
386,m100_n25,0.4,SphyR,s9,0.014,valid
387,m100_n25,0.1,SphyR,s10,0.017,valid
388,m100_n25,0.2,SphyR,s10,0.016,valid
389,m100_n25,0.4,SphyR,s10,0.017,valid
390,m100_n25,0.1,SphyR,s11,0.017,valid
391,m100_n25,0.2,SphyR,s11,0.016,valid
392,m100_n25,0.4,SphyR,s11,0.015,valid
393,m100_n25,0.1,SphyR,s12,0.016,valid
394,m100_n25,0.2,SphyR,s12,0.015,valid
395,m100_n25,0.4,SphyR,s12,0.012,valid
396,m100_n25,0.1,SphyR,s13,0.01,valid
397,m100_n25,0.2,SphyR,s13,0.014,valid
398,m100_n25,0.4,SphyR,s13,0.013,valid
399,m100_n25,0.1,SphyR,s14,0.015,valid
400,m100_n25,0.2,SphyR,s14,0.014,valid
401,m100_n25,0.4,SphyR,s14,0.014,valid
402,m100_n25,0.1,SphyR,s15,0.015,valid
403,m100_n25,0.2,SphyR,s15,0.016,valid
404,m100_n25,0.4,SphyR,s15,0.015,valid
405,m100_n25,0.1,SphyR,s16,0.019,valid
406,m100_n25,0.2,SphyR,s16,0.018,valid
407,m100_n25,0.4,SphyR,s16,0.017,valid
408,m100_n25,0.1,SphyR,s17,0.013,valid
409,m100_n25,0.2,SphyR,s17,0.014,valid
410,m100_n25,0.4,SphyR,s17,0.013,valid
411,m100_n25,0.1,SphyR,s18,0.018,valid
412,m100_n25,0.2,SphyR,s18,0.017,valid
413,m100_n25,0.4,SphyR,s18,0.019,valid
414,m100_n25,0.1,SphyR,s19,0.014,valid
415,m100_n25,0.2,SphyR,s19,0.015,valid
416,m100_n25,0.4,SphyR,s19,0.011,valid
417,m100_n25,0.1,SphyR,s20,0.011,valid
418,m100_n25,0.2,SphyR,s20,0.011,valid
419,m100_n25,0.4,SphyR,s20,0.011,valid
420,m100_n50,0.1,SphyR,s1,0.013,valid
421,m100_n50,0.2,SphyR,s1,0.022,valid
422,m100_n50,0.4,SphyR,s1,0.021,valid
423,m100_n50,0.1,SphyR,s2,0.018,valid
424,m100_n50,0.2,SphyR,s2,0.021,valid
425,m100_n50,0.4,SphyR,s2,0.022,valid
426,m100_n50,0.1,SphyR,s3,0.024,valid
427,m100_n50,0.2,SphyR,s3,0.028,valid
428,m100_n50,0.4,SphyR,s3,0.025,valid
429,m100_n50,0.1,SphyR,s4,0.029,valid
430,m100_n50,0.2,SphyR,s4,0.025,valid
431,m100_n50,0.4,SphyR,s4,0.022,valid
432,m100_n50,0.1,SphyR,s5,0.048,valid
433,m100_n50,0.2,SphyR,s5,0.086,valid
434,m100_n50,0.4,SphyR,s5,0.033,valid
435,m100_n50,0.1,SphyR,s6,0.031,valid
436,m100_n50,0.2,SphyR,s6,0.028,valid
437,m100_n50,0.4,SphyR,s6,0.034,valid
438,m100_n50,0.1,SphyR,s7,0.025,valid
439,m100_n50,0.2,SphyR,s7,0.033,valid
440,m100_n50,0.4,SphyR,s7,0.036,valid
441,m100_n50,0.1,SphyR,s8,0.029,valid
442,m100_n50,0.2,SphyR,s8,0.03,valid
443,m100_n50,0.4,SphyR,s8,0.028,valid
444,m100_n50,0.1,SphyR,s9,0.036,valid
445,m100_n50,0.2,SphyR,s9,0.038,valid
446,m100_n50,0.4,SphyR,s9,0.035,valid
447,m100_n50,0.1,SphyR,s10,0.074,valid
448,m100_n50,0.2,SphyR,s10,0.094,valid
449,m100_n50,0.4,SphyR,s10,0.032,valid
450,m100_n50,0.1,SphyR,s11,0.026,valid
451,m100_n50,0.2,SphyR,s11,0.024,valid
452,m100_n50,0.4,SphyR,s11,0.025,valid
453,m100_n50,0.1,SphyR,s12,0.03,valid
454,m100_n50,0.2,SphyR,s12,0.028,valid
455,m100_n50,0.4,SphyR,s12,0.029,valid
456,m100_n50,0.1,SphyR,s13,0.018,valid
457,m100_n50,0.2,SphyR,s13,0.019,valid
458,m100_n50,0.4,SphyR,s13,0.017,valid
459,m100_n50,0.1,SphyR,s14,0.04,valid
460,m100_n50,0.2,SphyR,s14,0.036,valid
461,m100_n50,0.4,SphyR,s14,0.031,valid
462,m100_n50,0.1,SphyR,s15,0.03,valid
463,m100_n50,0.2,SphyR,s15,0.036,valid
464,m100_n50,0.4,SphyR,s15,0.035,valid
465,m100_n50,0.1,SphyR,s16,0.033,valid
466,m100_n50,0.2,SphyR,s16,0.032,valid
467,m100_n50,0.4,SphyR,s16,0.035,valid
468,m100_n50,0.1,SphyR,s17,0.023,valid
469,m100_n50,0.2,SphyR,s17,0.029,valid
470,m100_n50,0.4,SphyR,s17,0.024,valid
471,m100_n50,0.1,SphyR,s18,0.029,valid
472,m100_n50,0.2,SphyR,s18,0.034,valid
473,m100_n50,0.4,SphyR,s18,0.04,valid
474,m100_n50,0.1,SphyR,s19,0.027,valid
475,m100_n50,0.2,SphyR,s19,0.03,valid
476,m100_n50,0.4,SphyR,s19,0.027,valid
477,m100_n50,0.1,SphyR,s20,0.032,valid
478,m100_n50,0.2,SphyR,s20,0.03,valid
479,m100_n50,0.4,SphyR,s20,0.034,valid
480,m100_n100,0.1,SphyR,s1,0.094,valid
481,m100_n100,0.2,SphyR,s1,0.067,valid
482,m100_n100,0.4,SphyR,s1,0.062,valid
483,m100_n100,0.1,SphyR,s2,0.055,valid
484,m100_n100,0.2,SphyR,s2,0.059,valid
485,m100_n100,0.4,SphyR,s2,0.051,valid
486,m100_n100,0.1,SphyR,s3,0.131,valid
487,m100_n100,0.2,SphyR,s3,0.191,valid
488,m100_n100,0.4,SphyR,s3,0.074,valid
489,m100_n100,0.1,SphyR,s4,0.257,valid
490,m100_n100,0.2,SphyR,s4,0.169,valid
491,m100_n100,0.4,SphyR,s4,0.073,valid
492,m100_n100,0.1,SphyR,s5,0.166,valid
493,m100_n100,0.2,SphyR,s5,0.366,valid
494,m100_n100,0.4,SphyR,s5,0.127,valid
495,m100_n100,0.1,SphyR,s6,0.162,valid
496,m100_n100,0.2,SphyR,s6,0.158,valid
497,m100_n100,0.4,SphyR,s6,0.134,valid
498,m100_n100,0.1,SphyR,s7,0.065,valid
499,m100_n100,0.2,SphyR,s7,0.08,valid
500,m100_n100,0.4,SphyR,s7,0.065,valid
501,m100_n100,0.1,SphyR,s8,0.124,valid
502,m100_n100,0.2,SphyR,s8,0.133,valid
503,m100_n100,0.4,SphyR,s8,0.092,valid
504,m100_n100,0.1,SphyR,s9,0.134,valid
505,m100_n100,0.2,SphyR,s9,0.202,valid
506,m100_n100,0.4,SphyR,s9,0.113,valid
507,m100_n100,0.1,SphyR,s10,0.112,valid
508,m100_n100,0.2,SphyR,s10,0.183,valid
509,m100_n100,0.4,SphyR,s10,0.054,valid
510,m100_n100,0.1,SphyR,s11,0.043,valid
511,m100_n100,0.2,SphyR,s11,0.041,valid
512,m100_n100,0.4,SphyR,s11,0.043,valid
513,m100_n100,0.1,SphyR,s12,0.13,valid
514,m100_n100,0.2,SphyR,s12,0.08,valid
515,m100_n100,0.4,SphyR,s12,0.076,valid
516,m100_n100,0.1,SphyR,s13,0.055,valid
517,m100_n100,0.2,SphyR,s13,0.097,valid
518,m100_n100,0.4,SphyR,s13,0.075,valid
519,m100_n100,0.1,SphyR,s14,0.072,valid
520,m100_n100,0.2,SphyR,s14,0.08,valid
521,m100_n100,0.4,SphyR,s14,0.079,valid
522,m100_n100,0.1,SphyR,s15,0.089,valid
523,m100_n100,0.2,SphyR,s15,0.087,valid
524,m100_n100,0.4,SphyR,s15,0.149,valid
525,m100_n100,0.1,SphyR,s16,0.443,valid
526,m100_n100,0.2,SphyR,s16,0.124,valid
527,m100_n100,0.4,SphyR,s16,0.126,valid
528,m100_n100,0.1,SphyR,s17,0.136,valid
529,m100_n100,0.2,SphyR,s17,0.215,valid
530,m100_n100,0.4,SphyR,s17,0.163,valid
531,m100_n100,0.1,SphyR,s18,0.147,valid
532,m100_n100,0.2,SphyR,s18,0.335,valid
533,m100_n100,0.4,SphyR,s18,0.076,valid
534,m100_n100,0.1,SphyR,s19,0.068,valid
535,m100_n100,0.2,SphyR,s19,0.078,valid
536,m100_n100,0.4,SphyR,s19,0.069,valid
537,m100_n100,0.1,SphyR,s20,0.089,valid
538,m100_n100,0.2,SphyR,s20,0.103,valid
539,m100_n100,0.4,SphyR,s20,0.095,valid
